# Polyformalism Differential Test Vectors
# Format: TYPE arg1 arg2 ... expected_result
# 1000 random test cases per function

[CONSTRAINT_CHECK]
CC 66 -59 -79 43 17 62 -2 52 27 4 -67 14 -76 60 -45 51 206 -47 61 117 121 154 57 61 206 145 40 114 45 125 89 148 -119 158 -65 143 -104 48 67 33 169 -24 -84 80 -179 47 151 43 0
CC -100 -81 -96 25 1 70 -50 -77 -78 73 69 -77 -61 -66 22 -31 47 19 83 108 70 205 110 43 49 151 99 -76 -56 16 206 75 54 -137 195 -112 195 47 120 -15 -128 -79 -132 120 99 135 156 -109 0
CC 16 -64 74 98 19 39 -40 11 98 54 -54 -51 25 27 60 -76 124 20 180 178 68 63 23 60 269 246 6 -2 200 200 152 -45 51 -77 -150 -119 -137 65 -178 -95 41 -101 -193 91 198 30 -169 -145 0
CC -11 -37 20 61 -40 -32 11 9 -9 22 30 -99 -27 -31 -42 -41 32 70 125 73 -30 27 147 73 15 22 119 6 -2 108 157 -22 71 120 44 188 49 -102 -127 -2 90 73 -131 176 81 -107 103 115 0
CC 57 82 80 -78 -53 16 -8 26 71 -73 -6 -3 17 13 9 95 140 226 116 32 -13 209 11 114 169 84 108 45 197 167 11 165 3 -133 44 -156 -114 143 -32 -93 59 30 113 -142 -154 156 -3 -58 0
CC -10 -89 18 29 12 -75 -65 -19 -62 87 29 -57 -55 -3 55 -68 105 -48 182 220 97 108 -13 146 12 109 141 66 139 72 242 -55 -39 -198 -100 58 -76 -75 -95 12 -186 36 -49 144 -91 -148 -110 -127 0
CC 57 -86 -74 92 -71 32 -71 -10 42 -68 -43 34 28 -55 35 -10 57 -4 46 151 69 215 109 68 227 101 83 175 195 105 176 63 77 42 116 -110 -197 -122 -128 -52 -113 52 53 -65 7 66 -194 142 0
CC 69 93 -7 81 -67 -14 -79 80 -54 -95 47 -31 74 -36 -25 -87 171 285 80 200 62 49 113 269 22 24 135 2 201 72 68 93 -78 -48 90 59 -62 -169 -2 -90 -149 -123 -69 76 -37 34 -37 -21 0
CC 96 47 -43 -39 -10 -79 -51 -88 -53 62 41 -36 28 -79 -20 32 249 181 89 98 74 27 29 8 118 199 174 44 118 24 173 198 -77 64 140 59 -101 133 60 120 -187 145 51 137 -131 -41 43 149 0
CC -35 -23 97 62 8 59 -52 17 -24 -28 73 7 84 85 23 47 -19 157 124 252 91 207 -24 66 58 -14 104 115 141 256 54 189 -19 -123 49 138 -129 104 146 49 194 -88 -120 -139 88 -170 114 -186 0
CC -97 49 50 -4 -92 -11 50 90 73 -13 1 -5 87 13 -95 28 93 157 186 156 -6 182 227 205 111 124 141 84 278 100 1 165 42 -108 -74 -60 123 -17 -160 -37 -5 137 -72 188 -76 37 123 -132 0
CC 11 3 -33 -38 99 27 -33 92 81 -44 -24 -27 86 -11 29 -38 98 32 -31 3 241 65 144 135 129 85 168 69 201 166 157 -30 197 112 -97 40 -19 22 14 -99 149 86 125 107 109 -49 45 -165 0
CC -15 -1 52 2 40 -34 25 -66 37 35 70 -13 -53 -44 45 -73 60 18 52 10 124 124 121 71 55 116 236 52 -36 27 57 -43 165 8 -192 -63 82 -22 93 -178 -50 110 -14 -43 -90 118 155 113 0
CC 57 -98 -76 27 -63 75 33 -57 13 -32 81 -6 44 -87 14 82 212 43 -45 193 25 251 56 -26 142 124 147 62 137 -67 23 267 161 98 68 -51 -133 84 -146 -75 89 -129 -22 -80 103 69 109 -163 0
CC -82 -28 98 -61 11 -11 61 -36 -15 95 -68 -55 -10 -85 -51 97 -12 85 276 -14 191 64 232 148 36 280 -65 21 16 -20 77 267 -187 44 173 82 -52 16 -139 33 43 -20 50 -85 -107 -108 -127 100 0
CC 66 -73 -39 -44 -64 -62 5 50 -57 16 -84 -61 -53 -42 -46 -46 197 123 42 -16 -3 44 153 166 108 131 -3 47 68 135 119 -43 71 8 59 196 -1 -125 -147 -129 -1 -31 -147 1 -166 63 -76 182 0
CC -19 -13 58 9 -69 -16 -15 19 82 -42 -59 24 -25 -61 -29 83 41 -2 64 131 21 65 114 158 276 -42 -26 144 53 79 142 138 -117 199 164 -121 -40 21 -106 -176 -11 145 -43 -32 174 -152 90 -28 0
CC 56 -49 -25 -84 13 -29 91 66 66 -43 81 -66 -74 65 3 -25 148 -38 121 72 162 44 191 206 77 103 184 40 107 214 66 61 53 192 -14 -14 172 -108 -77 63 34 -159 133 96 -6 -49 -100 -74 0
CC 68 -57 6 -8 33 -82 14 -39 64 -36 42 21 91 -27 -47 36 145 138 168 163 185 104 178 90 97 72 70 92 220 -6 107 160 26 118 -119 -172 83 -11 -78 71 -114 -76 2 -3 -89 82 -166 172 0
CC 25 -53 -30 9 -67 87 85 -4 31 65 -10 -73 -55 -3 -91 1 64 -1 -14 41 108 135 124 108 148 118 120 56 -55 58 -45 35 -63 66 -149 112 140 -36 -107 115 -179 146 137 -11 -195 -11 -36 164 0
CC -35 59 -26 -53 93 30 -29 -72 -82 34 -1 3 23 9 1 -77 -16 126 124 63 251 215 153 -41 110 128 110 73 119 153 90 95 -196 68 186 -9 122 -149 -197 16 -137 -103 -132 -113 -162 106 -136 1 0
CC -74 82 98 -39 58 -74 14 52 -42 22 23 -42 -75 85 42 -41 -31 106 140 137 133 56 68 167 -26 213 41 -42 123 97 212 108 -17 167 159 -195 117 -61 -12 -116 -27 145 141 -35 159 135 163 -155 0
CC 51 39 -77 48 -54 87 4 -37 50 -35 11 62 29 13 -60 37 114 206 -52 147 120 271 14 110 139 66 15 205 147 79 4 40 -101 167 183 175 145 97 -153 -141 182 131 194 -87 90 -11 115 -101 0
CC 86 85 -55 -73 10 -44 69 -41 -100 15 66 80 40 90 -55 4 193 207 18 65 59 120 162 117 50 54 91 91 48 277 42 157 61 160 -150 103 -93 -198 -128 -110 155 158 18 140 -35 -96 -95 21 0
CC -42 30 73 28 -62 -44 97 14 -82 -24 -3 64 42 18 -63 82 80 163 206 28 56 54 136 43 -55 59 139 88 239 143 101 254 -85 -175 176 -33 -55 156 116 -97 152 105 179 -88 197 197 -85 14 0
CC -10 -94 -39 -87 -30 -51 13 -38 -89 -21 -55 -2 -16 -50 47 -10 111 -58 15 -5 102 -3 203 22 9 59 116 127 175 -46 122 66 53 34 -187 -103 191 15 -187 -110 -194 179 100 136 -57 -23 109 -90 0
CC 5 -30 61 19 -50 51 -61 34 12 73 -17 84 -3 8 51 66 147 -26 77 114 90 241 -35 62 139 90 106 229 55 186 79 197 -100 -39 -189 91 -186 144 -65 -61 -34 43 137 -59 109 -44 48 190 0
CC -38 97 -12 -45 -50 87 -20 90 -2 47 37 6 4 -71 71 89 133 202 157 98 -24 249 -9 209 69 236 88 6 92 24 168 173 -183 45 173 142 -183 -37 -179 199 180 111 -166 -60 61 -196 -17 -103 0
CC 52 25 25 -43 68 55 -5 8 13 -4 93 -46 -17 -14 -21 22 169 132 182 61 110 155 -1 41 18 142 191 -23 83 143 57 55 109 -172 51 40 43 -157 -68 -21 -123 -87 -170 -111 -153 -49 145 46 0
CC 18 -98 81 -42 24 54 96 -57 46 -56 -58 -56 -68 -75 16 5 98 90 134 59 71 155 232 -34 100 72 -12 -8 114 117 132 28 -198 -164 -7 -61 189 -36 65 -26 4 189 -131 10 -137 -83 -36 -135 0
CC -30 -13 -87 -82 -93 -71 91 -94 23 -13 5 -41 -64 -81 30 -12 -11 1 25 26 57 76 270 63 96 166 6 47 37 38 109 48 2 177 -169 -41 158 158 140 133 -151 72 91 -143 -30 -122 181 128 0
CC 99 39 -28 22 46 -62 -53 69 -52 81 9 20 37 79 -100 -78 150 96 153 42 171 122 119 212 22 195 122 73 114 278 46 58 59 -184 -110 -179 -178 110 11 83 -86 -26 25 34 -185 188 113 50 0
CC -16 -53 30 96 22 47 34 1 -11 55 57 31 -51 45 56 -20 119 52 183 182 169 114 38 136 124 212 98 120 120 165 98 122 -26 -82 -56 58 124 129 6 158 56 -8 -73 -16 -63 -25 122 190 0
CC 61 67 25 33 25 -95 89 -21 -46 29 19 -83 -1 -79 0 72 137 244 44 159 108 -81 105 140 71 178 129 -53 106 -38 118 147 146 82 -31 -121 72 -87 85 157 -1 93 -31 -101 -130 196 -121 -155 0
CC -14 23 -20 -69 25 -54 -3 67 63 94 -60 -47 80 77 -25 -17 51 119 82 -38 127 66 168 259 155 111 43 131 138 118 141 148 -187 -73 44 -54 8 38 -102 -61 -143 85 102 -2 -148 36 138 58 0
CC -26 72 11 20 -95 7 -43 10 46 -64 -53 -71 55 26 -34 57 36 102 156 160 85 192 123 105 216 -11 74 -20 217 61 158 157 -18 126 -181 -12 91 -131 79 72 191 156 18 -200 -54 38 -182 3 0
CC 78 -91 -18 -75 81 51 4 -98 -60 -90 65 -13 -45 46 -10 13 187 80 51 31 234 185 45 22 126 6 91 175 -23 93 18 144 -79 168 138 -56 -177 -125 -163 24 17 69 -22 102 -29 -171 -66 20 0
CC 88 78 -98 71 -60 71 -75 96 -74 12 33 95 -19 53 -26 73 123 267 -69 110 -55 115 -24 293 -35 165 126 118 7 202 116 138 62 -66 -128 168 -53 -65 -91 -44 -64 19 -193 196 -174 -183 -26 18 0
CC -40 69 25 -87 -68 -61 -64 -86 -69 58 76 98 70 -71 93 -98 50 155 89 90 42 -4 74 -43 0 100 178 169 218 90 287 87 -130 -181 59 164 -143 -119 59 -192 102 -33 57 96 160 -111 -49 160 0
CC -17 -6 -45 57 25 34 -70 43 84 36 -4 47 93 8 -34 27 4 181 126 186 82 90 -44 50 236 190 186 131 232 57 92 87 -150 -106 163 6 -140 -68 -120 194 -12 -27 147 134 -95 -14 -156 -100 0
CC -89 -9 -63 -75 51 -50 36 94 80 -76 -24 6 -5 -16 32 -83 2 177 107 -17 158 4 235 201 206 -23 40 113 140 106 57 -56 78 -163 -11 95 -115 -78 -187 -138 188 -199 -156 -170 152 -189 -82 124 0
CC 39 53 67 56 9 53 83 -13 -2 68 -8 67 2 -90 -24 -95 203 163 157 123 104 207 132 73 16 255 119 99 201 17 -8 26 123 182 108 -87 177 37 -66 8 -14 -187 129 -161 -118 -99 -4 -50 0
CC -58 28 37 23 -12 -82 -43 -9 92 89 -9 95 85 45 41 67 46 220 79 34 43 -59 82 78 255 258 154 187 266 101 185 181 152 -10 -192 -5 -126 -142 10 -83 -114 7 -136 -192 -198 13 -131 44 0
CC -74 88 -43 43 3 19 -21 -19 -53 16 12 -67 -59 65 -90 -81 98 103 -35 192 195 207 152 52 -41 147 121 30 96 115 15 -57 169 8 124 93 8 52 33 41 186 -100 24 -160 -200 149 141 81 0
CC -29 -43 -2 -64 -11 13 5 5 -94 48 -71 -64 14 56 -18 65 26 94 182 -12 153 210 195 161 72 185 -62 -46 130 161 176 172 -145 78 -110 -27 83 -68 87 90 195 -28 -173 116 -100 -96 68 -183 0
CC -51 -11 79 74 -2 26 -58 -5 51 72 89 49 -35 -48 -76 57 114 11 108 251 156 173 3 165 103 241 107 156 3 -35 -13 198 -192 -84 34 -28 -67 151 19 -76 -82 178 -105 -83 146 75 -14 -67 0
CC -40 -21 56 -74 56 -49 21 -81 -5 -19 66 12 81 -47 -53 -41 96 10 238 80 152 -4 84 34 86 -19 126 103 280 -21 81 97 146 -132 120 -159 12 119 -42 -77 138 -120 -184 -1 181 88 136 -67 0
CC 78 -12 63 -46 34 50 49 -18 22 -42 92 40 56 -38 21 -61 137 66 188 112 158 239 171 109 196 -9 256 44 176 136 129 -51 -52 63 -94 106 166 -190 9 -13 122 12 -129 -99 -21 -63 -186 -45 0
CC -51 -41 98 20 -16 55 -91 40 -23 -57 98 -73 84 -33 83 -36 60 104 166 98 54 218 -20 125 -17 -11 145 -15 141 96 97 85 77 -44 131 -36 80 -115 -195 179 -161 49 160 105 125 -196 26 189 0
CC 49 6 -15 -24 25 -63 -6 -80 -76 -50 92 -96 2 -93 9 -89 179 28 37 71 71 -38 155 -52 88 -22 221 91 74 55 34 -27 60 146 -96 102 -50 8 65 -5 -39 82 -35 187 39 -113 -115 -90 0
CC -80 -63 84 45 -72 45 32 24 -89 -4 58 82 87 55 4 81 76 65 188 152 27 148 190 189 -63 34 68 129 271 184 113 135 72 -148 168 196 -123 64 -112 188 13 27 136 -136 -31 -124 -73 -18 0
CC 98 -62 -73 92 72 8 24 -55 -27 -100 35 -25 -15 21 95 -69 237 1 -47 166 104 23 26 54 -14 47 180 110 147 128 174 70 -60 -143 84 -126 -164 -165 19 101 10 -183 -92 171 149 23 -145 -178 0
CC -82 -62 39 1 -30 78 49 -2 -27 29 3 -20 66 -35 12 -93 -19 47 221 136 40 175 231 101 23 62 55 70 247 47 165 38 24 -66 -101 46 143 -121 -7 -100 131 -130 -66 -5 177 64 -66 184 0
CC -62 -68 -16 68 -62 24 19 -51 13 -100 84 50 24 49 -93 -31 -29 15 93 106 31 197 158 -46 82 -72 151 101 111 104 1 139 166 22 -128 58 -90 -48 85 119 24 -44 141 176 -115 75 -31 142 0
CC 73 -42 77 -98 10 -97 79 -83 -56 -87 8 90 81 -59 77 -15 163 49 81 -94 198 -6 94 81 67 105 173 265 234 48 94 157 -118 39 108 -64 -45 6 94 101 195 -82 8 -149 -145 12 -48 43 0
CC -9 37 -61 86 4 -36 15 23 35 -61 -65 -54 25 28 -24 89 94 157 104 216 42 144 176 25 167 -44 -5 96 166 155 160 89 11 -73 3 -5 -87 88 -7 -100 -131 193 97 -31 134 -183 -145 -164 0
CC -71 -77 -25 -3 -10 39 9 95 -88 -32 -44 57 -87 -99 58 28 -3 114 53 114 142 189 37 251 -56 141 111 235 -82 -45 155 64 -51 104 -12 157 -31 119 60 140 124 76 144 -65 -35 83 -13 -62 0
CC -53 -40 -100 -24 52 -3 84 50 85 72 10 -72 3 14 -2 -62 44 53 -43 53 137 40 140 108 253 168 106 84 111 198 86 123 -34 -126 -141 -16 139 69 -125 -119 178 167 16 61 -81 -4 -118 77 0
CC 7 34 -84 46 -35 -18 43 -86 -89 -55 22 -93 51 -85 27 36 177 106 -27 75 57 102 218 3 51 123 107 79 239 1 179 222 133 143 112 160 -192 164 -176 -40 49 34 -44 28 85 -133 -41 31 0
CC -48 -23 -63 -14 21 -71 -42 -5 62 21 53 12 12 1 -81 75 33 73 44 138 47 -38 142 146 141 188 72 108 146 173 -36 150 -193 48 188 118 -196 -24 -84 2 106 92 174 70 -71 -167 59 92 0
CC 3 71 26 84 -23 -97 -75 6 39 50 94 -77 8 -29 -98 52 88 251 169 148 146 -16 119 53 57 196 95 48 59 6 -34 119 -171 -68 -37 -70 150 -154 -68 -143 -98 129 14 195 -62 154 -124 -43 0
CC 50 -65 -8 46 -24 -58 -63 27 -66 10 -81 -25 77 -50 -79 46 94 85 33 237 162 103 6 168 29 209 20 111 257 29 76 243 103 -98 73 -181 -28 -103 148 136 -200 -180 16 119 160 -96 42 -197 0
CC -57 44 -20 -68 -96 -79 40 -48 56 50 6 31 -99 66 30 47 130 158 128 -58 -66 26 74 -11 114 206 6 127 77 226 195 185 25 118 165 164 65 -46 -66 13 120 70 -143 -77 -176 34 -136 -79 0
CC 1 88 -99 -26 44 53 -24 -48 -13 3 -75 81 74 77 37 -3 31 170 92 115 91 231 107 49 14 130 -47 97 244 273 129 42 -44 193 -149 160 160 56 184 96 -139 -49 -19 -136 55 -52 -4 -74 0
CC 5 -59 38 51 3 -64 0 7 -92 -96 30 40 -4 83 97 -61 78 67 51 119 96 10 48 33 23 -83 100 152 -2 236 105 -16 58 -45 -65 -138 -158 59 181 177 -131 66 139 17 -18 51 -56 -181 0
CC -50 83 60 81 -53 39 56 39 90 -14 5 -23 -26 -65 13 -86 47 240 225 250 -2 231 96 214 262 149 171 126 36 -22 56 96 19 -155 -39 -74 -52 12 14 -80 -120 125 175 -68 -151 170 173 117 0
CC -74 93 -35 45 -77 98 -18 31 -47 -74 44 -47 38 46 18 -92 16 274 136 55 -10 242 1 37 25 12 108 10 160 66 61 -51 157 -116 -144 -28 138 -113 -51 -55 188 122 -36 -54 -131 -121 -53 -109 0
CC -4 97 42 -18 56 21 -33 36 68 15 58 -79 -58 83 62 -95 119 103 53 19 189 208 44 59 162 117 208 69 32 208 143 -93 62 -131 141 -173 -157 101 175 195 -10 31 -94 64 75 -135 198 137 0
CC -42 86 33 24 7 -86 -70 6 23 -27 -89 77 19 7 98 91 -21 196 111 169 110 -10 48 107 38 -6 -58 246 122 186 184 191 166 -10 36 -110 41 189 31 -92 190 144 -82 28 106 -149 106 -17 0
CC 80 63 -28 -86 10 -72 -44 62 65 -28 -45 8 -37 -66 29 4 211 252 36 51 110 -42 57 71 224 122 37 205 32 -31 175 178 -99 155 -30 143 175 -56 199 -22 -135 -83 0 -11 -195 -57 -157 -127 0
CC -99 52 31 48 -35 -34 -93 -87 8 51 77 4 92 91 40 23 -68 197 142 183 155 16 21 13 37 137 116 195 214 161 128 177 127 136 -153 -51 31 180 -150 37 -17 158 -59 38 101 36 -22 29 0
CC 3 5 43 -22 88 29 20 -79 -90 88 -83 12 7 32 94 -4 164 131 77 116 203 200 135 -21 108 161 45 46 136 39 290 73 143 43 24 110 -51 -59 -185 38 -74 80 193 -128 106 -4 63 186 0
CC -63 -96 -58 20 52 -2 70 -72 -75 -60 -73 28 -60 1 -64 47 134 75 123 189 191 1 133 75 66 -23 -47 211 117 99 -14 195 -99 -41 109 182 111 -103 -174 -15 -67 -189 160 83 -136 -14 -123 -120 0
CC 96 74 59 -55 -44 68 -48 -32 -46 31 64 -41 2 -14 -89 63 166 173 135 61 99 92 -32 85 107 83 112 133 88 117 50 122 143 90 -16 -27 152 135 112 162 165 65 -64 -13 63 -69 27 51 0
CC -50 63 -23 -58 8 96 83 98 29 56 59 78 15 -95 -1 94 61 243 163 12 42 189 278 131 74 64 118 252 18 -49 105 196 67 -64 90 -58 -57 117 155 -114 -23 37 -52 80 -181 89 123 -184 0
CC -36 -81 6 -17 20 -79 -47 -28 61 -16 -47 69 66 61 64 -74 49 -46 170 56 52 -68 31 7 195 113 98 233 88 119 194 77 164 197 42 3 62 -12 191 189 -105 149 -14 21 -14 11 43 -194 0
CC 66 57 47 94 44 30 52 -10 -47 -52 -45 -9 63 69 -92 -60 223 86 190 273 228 183 172 71 150 123 96 41 260 213 -4 110 -116 119 -194 -113 -168 -52 -29 29 -41 -137 20 1 96 -124 12 166 0
CC 88 11 40 -48 -33 -61 -60 -11 17 29 -5 33 -96 -76 -33 -97 210 175 57 18 40 55 19 -11 25 29 136 85 49 73 -17 -42 -162 71 -132 -157 184 -14 184 -120 -32 138 -187 -71 -101 -83 -10 106 0
CC 90 26 -94 26 -36 -71 59 -42 75 17 75 13 -96 -45 6 -49 137 162 -41 161 -6 45 131 55 191 137 137 153 50 -21 94 21 138 138 99 51 192 197 -106 -157 11 -134 -135 -46 159 -106 -75 193 0
CC -100 -54 -11 -48 -30 35 -11 -51 -5 -80 65 -69 45 76 -21 96 -71 -15 155 35 -20 111 69 84 188 -36 261 -27 128 211 -16 189 -135 162 -169 103 -35 105 -197 27 -133 137 118 -43 75 -90 121 197 0
CC -47 -44 -65 -45 92 -37 72 -52 58 -69 80 61 -23 39 97 -49 87 91 -34 -42 261 -37 169 22 163 33 187 225 128 45 248 -35 29 -84 109 106 -98 -55 -172 116 73 166 101 -164 -133 -177 192 144 0
CC 48 29 -55 18 -15 38 74 94 -83 61 5 46 -86 39 66 -48 234 215 42 98 46 212 126 237 9 204 97 67 -20 175 87 63 41 -133 -27 27 -66 50 -198 -40 63 29 -32 154 -197 84 97 71 0
CC 3 -43 69 -67 -38 -70 37 40 -76 -27 45 -80 91 -47 -41 57 41 141 222 47 -19 47 120 214 64 118 93 -23 117 12 81 161 75 18 110 6 -102 71 137 -175 -1 110 148 132 37 -49 122 -8 0
CC 80 -31 -5 -6 -96 5 89 -73 78 -47 -55 -28 -26 21 60 -100 121 151 153 26 33 154 181 73 83 68 40 137 -14 127 122 67 27 2 94 39 87 144 -29 182 -144 -39 -46 -112 47 -169 -40 -139 0
CC 44 -33 -98 -42 71 -22 66 65 48 -40 -26 80 -68 93 -30 94 153 103 -32 29 187 119 233 153 97 -39 119 245 51 222 71 225 106 -148 9 -124 124 -111 -99 -41 21 -59 50 138 -44 -172 -104 -11 0
CC -65 -12 -53 -80 13 15 -47 62 42 90 80 -59 90 41 -8 89 32 3 110 96 63 45 -33 69 71 113 138 39 235 159 23 236 -91 -3 -2 199 97 -186 85 -186 -133 -2 -152 63 178 -46 -196 -14 0
CC 55 -60 -93 -26 -75 -27 -12 -34 73 29 16 -32 -72 70 35 58 207 54 -85 173 56 145 150 69 269 166 61 5 -28 141 131 227 -200 160 -11 13 -177 -78 19 -111 121 20 -28 39 199 198 81 53 0
CC -68 -96 -7 66 38 11 2 1 -48 33 39 7 30 2 63 -79 -59 -21 -7 196 236 77 49 18 104 95 86 58 126 17 216 -63 168 -177 171 -91 106 -105 140 -37 59 -20 -11 16 -183 99 -103 -85 0
CC 16 -92 71 -70 62 51 68 85 -64 -15 -100 15 -54 -18 80 -23 86 80 247 39 110 158 258 129 -57 165 -4 72 -26 -7 253 102 162 -69 -117 -102 145 -52 -156 11 -35 133 4 -72 -96 165 166 -127 0
CC -75 -79 -67 98 -17 -13 -85 -29 -63 -97 -72 -56 51 70 68 -85 -30 103 -49 201 86 5 -68 70 -32 11 61 50 190 159 241 -25 63 -93 -134 198 -105 -96 132 -105 -131 146 191 -27 143 46 101 -128 0
CC 19 -96 -1 20 -82 -91 34 -23 -25 77 -99 -58 82 -43 -60 8 47 3 87 63 -58 -23 205 118 37 154 50 95 134 82 83 161 -111 140 -77 -17 68 174 114 3 176 -11 17 -132 -91 104 128 196 0
CC -18 96 52 -20 -31 -62 -41 20 -76 5 -47 73 87 -38 -85 -31 21 165 196 53 -5 6 9 79 23 12 -5 111 229 -15 7 52 -80 -139 -125 153 -98 -145 59 184 128 -167 -176 93 -10 -185 42 -90 0
CC -24 -12 -28 52 37 62 -93 49 65 59 -31 34 -41 -17 -34 -8 118 2 10 195 234 184 16 221 204 68 6 159 109 37 158 98 113 -28 24 -169 25 -136 158 181 26 -91 -197 169 -193 103 -148 -26 0
CC 8 -34 -100 -74 -13 -58 -89 -82 -27 25 -48 -12 -4 -57 4 -50 121 29 80 65 147 -11 17 59 132 28 63 118 126 51 199 -13 84 -192 -53 108 -54 71 21 28 -180 126 -9 6 186 -123 38 37 0
CC 21 -5 -25 -5 73 16 23 -39 -9 29 66 -39 -3 -56 -57 6 69 13 19 116 246 29 132 66 0 88 198 140 51 45 17 149 143 36 195 -1 -138 192 74 182 177 -34 -34 137 -19 -98 28 -159 0
CC -2 25 7 -15 -49 70 7 -12 42 70 64 -33 -25 96 76 -60 64 104 177 36 120 252 86 112 161 95 140 -32 83 241 225 59 103 -192 -31 -20 64 44 50 152 178 -127 -109 171 -107 145 -134 -151 0
CC -64 -13 91 21 95 -14 -43 51 -52 14 15 96 52 -72 -18 63 -38 53 99 152 190 148 146 236 109 167 205 125 72 69 118 86 -120 4 -124 101 129 -118 143 88 189 -140 -114 -96 65 196 -157 -195 0
CC -54 89 -71 71 -69 -30 74 -61 87 -70 87 33 -84 -40 -90 1 26 272 112 121 96 83 140 -15 215 22 177 64 -72 143 -75 86 -54 131 44 -51 139 -32 188 -118 18 -159 74 9 -7 -5 160 74 0
CC -30 -90 -8 -37 4 30 -8 -63 -68 44 70 -38 53 72 -65 40 -19 -87 134 136 116 76 54 12 -31 182 230 85 68 102 70 57 -108 138 -181 63 153 -64 148 -68 99 -64 -53 -98 -155 170 34 80 0
CC -24 76 -40 59 -5 95 -51 -6 -84 -49 -17 30 -48 -89 -87 -77 85 222 90 134 40 155 -38 131 40 -33 27 50 33 -49 1 -42 95 -78 159 -151 10 133 -100 -69 -182 187 49 -5 126 -47 198 10 0
CC 8 60 -57 -87 53 -98 97 -25 80 79 41 17 81 70 74 75 92 239 90 111 87 66 114 155 273 247 117 206 265 268 225 180 175 -88 188 -196 48 69 -98 -106 182 17 -98 -167 180 -69 117 -119 0
CC 96 -2 92 27 -4 98 83 16 99 16 49 -100 -69 -93 52 26 150 128 202 68 131 150 268 171 181 25 54 -45 130 33 75 199 50 -169 24 -55 21 162 147 -103 -200 105 159 -159 104 145 32 -164 0
CC -60 87 -64 -64 41 -47 -6 98 -4 28 65 39 -32 -68 56 -14 49 112 112 28 82 -6 18 282 132 42 120 233 -1 -49 169 152 22 129 163 -28 129 -16 -16 62 37 -37 -128 49 -175 -131 -90 104 0
CC -78 58 73 -90 73 97 98 -77 -8 55 -89 -57 -40 -87 -16 -89 -66 69 180 97 177 140 210 19 -4 97 -24 118 108 24 20 -55 80 64 153 119 -74 -79 104 75 188 -94 119 -70 -11 176 81 -76 0
CC -16 40 -85 -96 10 81 11 -48 -71 -38 38 -21 15 8 44 96 168 48 -33 63 180 247 37 143 4 48 160 41 93 42 188 174 -12 -164 41 83 100 -172 -72 -161 76 -138 -154 6 59 -30 141 -141 0
CC -76 53 92 -80 -66 -19 -61 -2 -31 62 -79 -42 34 -15 -73 40 113 95 115 -43 61 -13 13 180 47 137 20 -38 183 154 83 77 -115 76 -49 -10 -88 -25 5 39 135 -187 3 -3 172 -39 -112 95 0
CC -33 -28 11 -54 -40 -85 64 36 -3 37 -68 5 -91 43 52 -88 -5 99 159 8 -5 8 243 100 41 221 -65 80 47 227 248 -77 121 -97 -18 -191 -140 -135 -186 -65 -157 32 -139 -12 88 102 89 134 0
CC -71 95 -17 26 59 -80 60 -100 -46 43 -71 42 -77 49 -42 23 56 110 47 28 245 12 113 96 54 107 23 83 47 100 120 205 113 129 -27 109 -88 -61 77 -138 10 -26 -99 117 -19 -65 -78 -186 0
CC -38 -8 54 64 38 92 9 -58 78 -48 -34 -63 -48 -29 -98 32 56 86 202 107 110 258 150 32 179 -24 4 67 -12 124 -55 67 19 15 67 -69 -23 -181 -57 -54 60 42 -112 -18 82 125 -51 -133 0
CC 51 -54 45 -95 -100 -12 -77 5 83 32 -100 -91 -40 -39 -63 -96 147 85 114 26 39 164 103 56 88 169 -60 -52 144 102 78 86 -191 -101 0 176 -185 -55 134 -113 130 166 -138 153 22 -57 -166 10 0
CC 2 -64 23 -95 23 86 -9 -34 61 96 -94 49 42 -7 82 -37 7 46 116 83 201 225 190 -22 63 254 -34 97 165 122 134 153 190 193 199 -112 129 168 104 197 -109 73 78 140 186 -36 -106 33 0
CC 83 -61 -64 27 -100 -70 23 9 -27 19 52 -12 89 -8 54 -72 117 39 -3 84 -84 47 34 114 12 121 89 64 201 32 246 103 -16 -51 -97 -139 -78 -78 46 175 179 122 -44 -144 -83 127 -105 12 0
CC 50 96 23 -45 77 33 41 -90 -11 84 48 24 56 -72 53 -32 148 255 55 106 132 128 126 87 120 243 110 34 190 69 171 -29 -25 -120 71 125 -38 -162 151 143 87 -186 112 71 -145 -42 165 -139 0
CC 6 -91 52 92 -94 -29 -6 2 -40 78 91 -11 16 -73 -2 82 102 15 248 224 -13 -24 107 143 7 193 264 172 103 6 36 191 -102 75 -41 70 132 -105 -171 170 40 -5 91 -51 -103 30 63 -180 0
CC -23 -42 80 72 67 -90 60 -91 91 -46 -74 12 39 65 -42 -24 -20 63 198 120 106 38 256 -67 213 10 12 156 116 114 127 155 133 27 -174 93 66 49 -111 -80 158 19 175 -168 -98 -50 -11 69 0
CC 26 67 -13 98 69 44 77 -21 82 71 93 -41 1 -83 41 52 117 168 31 149 146 233 157 176 137 155 255 88 169 83 177 84 66 90 -36 -28 -142 -45 184 33 -46 -66 -23 -170 75 126 -45 -103 0
CC -41 -57 -72 83 17 -6 25 52 -70 85 -18 -40 87 21 88 68 120 136 103 229 108 144 28 224 44 103 59 80 187 104 88 115 177 -25 -18 66 28 -91 -122 196 -68 117 78 -129 46 -55 -164 -61 0
CC -22 8 4 89 6 84 -44 -46 99 88 27 73 -60 25 -72 -92 102 36 62 132 84 174 33 152 237 147 116 270 41 115 76 41 94 67 -67 151 -20 -148 -48 36 188 187 63 91 149 -55 23 -87 0
CC -88 65 -99 41 29 92 -64 37 -18 -43 22 -36 9 -8 34 -83 53 260 48 176 43 279 116 94 68 3 81 140 186 110 233 61 142 92 -17 42 -69 80 181 -176 172 -143 150 146 -155 132 -54 -115 0
CC -3 -70 -94 79 88 39 -63 -66 66 -36 49 19 46 -89 22 97 177 47 58 88 220 187 -6 35 101 -32 150 103 136 -68 32 198 -183 -125 -87 111 122 98 -173 98 97 41 -179 91 -157 52 -64 -115 0
CC -5 -25 73 -78 -36 -63 28 23 28 -36 1 48 44 -21 -81 -87 85 99 115 28 -29 63 52 58 138 71 155 77 46 4 -40 -57 94 -4 183 -12 41 -123 -32 189 151 -196 -154 -30 12 70 -122 -196 0
CC -10 -90 -100 3 8 6 -23 -59 12 90 46 27 -4 74 60 0 101 -56 62 182 88 34 101 -55 187 278 77 68 189 171 217 63 181 16 -74 185 -60 -79 76 -147 -106 76 -13 -26 -112 -133 -100 -72 0
CC 73 -51 2 48 -75 -88 38 -73 -6 94 -25 -20 93 -19 58 -82 165 35 200 188 -37 30 52 115 94 246 101 155 171 7 61 -66 5 161 136 77 108 -99 -105 -56 101 -84 9 47 -3 -63 127 197 0
CC 20 67 11 -88 -20 -59 -12 -15 74 2 -1 -37 67 71 28 -89 126 200 39 86 29 22 62 141 140 87 156 87 102 270 107 32 11 -48 52 5 -117 58 88 67 -130 38 -55 78 58 33 34 -84 0
CC -30 10 77 -52 -14 83 -38 20 5 40 -92 50 -99 18 -28 83 -21 57 98 71 161 273 119 148 62 60 -50 203 -17 148 141 235 -58 98 117 2 111 -165 22 -179 100 173 -17 -18 3 -121 54 196 0
CC 70 92 -87 -35 -61 74 56 59 90 -56 92 -3 -17 25 -8 50 236 131 57 1 -17 269 204 125 180 17 287 184 -17 42 48 232 153 33 42 -185 57 162 45 175 -104 -199 167 6 -97 139 -64 -117 0
CC 12 57 -15 33 34 -46 -40 15 -93 43 -74 -43 -42 97 61 -28 150 107 25 70 63 33 122 54 39 125 72 13 99 171 222 -13 -169 49 -61 164 -41 -54 98 -85 124 106 -3 -1 191 28 -190 -111 0
CC 70 -32 35 -89 -30 -81 -82 -91 90 52 93 96 -62 65 73 -20 97 111 185 -44 41 -1 56 44 138 172 135 206 135 74 152 30 3 42 -26 8 155 -189 104 -70 91 58 86 181 -117 128 199 79 0
CC -9 47 -22 21 80 -34 -53 -18 -90 -91 -60 -91 -35 69 -3 15 59 76 149 144 148 30 2 154 55 -65 9 -74 12 237 145 181 17 104 -96 -24 18 -120 77 38 69 -81 139 -31 -60 16 -116 101 0
CC 95 -76 -37 -16 -96 43 -36 57 25 61 -38 22 54 32 -61 -84 108 -29 20 2 -38 62 48 62 127 230 78 163 210 72 135 8 108 80 177 -45 177 -6 193 -39 -90 -124 -158 -111 -101 -83 128 -53 0
CC 62 55 17 79 -93 -99 -57 42 -89 39 -61 75 16 -36 82 -84 170 120 159 183 25 -58 138 121 30 126 -11 80 90 -31 247 34 -16 -59 -4 -35 -166 -25 83 75 24 -84 176 -158 136 40 159 0 0
CC 91 -74 1 25 93 70 64 0 41 -48 -48 51 30 32 -30 -43 252 -19 20 183 242 194 257 57 80 -41 150 227 108 187 119 28 147 179 -150 -63 187 145 -29 177 -106 12 126 -67 -48 63 12 -111 0
CC 54 26 3 49 61 -13 73 25 88 53 -58 -24 19 54 97 -62 241 113 183 81 97 127 95 180 113 87 131 91 189 173 129 10 -118 91 -117 90 41 17 -153 -197 -96 127 114 -199 134 -34 155 -105 0
CC -93 -93 62 -82 45 -41 -88 46 -35 72 -33 36 61 62 -54 -29 -48 77 173 -18 103 93 -83 206 122 219 73 101 88 259 88 124 -83 -176 -151 -116 -127 -60 110 -19 -187 -115 -70 53 164 -20 38 -76 0
CC -89 -27 -46 -80 5 -64 -59 -95 85 -77 -1 -72 -30 -80 18 -26 77 37 35 -27 77 -55 63 -11 168 77 117 71 168 90 93 37 -71 41 198 97 4 -179 49 198 -59 -154 -36 -171 -138 68 140 101 0
CC -5 -4 -5 88 -66 99 80 94 -38 -97 -44 -68 -8 87 88 8 99 57 41 109 54 200 203 189 127 -58 43 67 174 257 245 116 23 -140 143 49 119 -137 -187 -17 10 74 -70 -8 38 -188 -116 -63 0
CC 23 36 -29 -19 7 -62 -70 -80 84 -31 58 -81 27 -100 -35 69 63 70 20 33 67 30 114 43 196 141 153 102 33 -61 112 206 -140 -44 121 113 -48 -161 -178 -56 -147 113 -47 140 189 -7 -147 -54 0
CC -91 83 27 81 -54 -100 -8 -19 -74 -21 77 -88 70 92 86 79 76 222 103 178 1 -74 97 39 49 24 131 101 186 141 182 127 -118 -42 22 -6 -159 24 182 -179 -32 -95 -176 -84 192 -111 -104 -77 0
CC 55 37 58 -21 36 61 -71 -79 -38 58 -19 -38 0 -38 -79 86 195 210 257 57 44 81 119 103 82 109 -13 105 101 94 -10 116 28 86 -38 -193 13 -198 70 72 168 -32 -92 -119 32 110 70 90 0
CC 40 63 -65 55 23 83 -84 -52 10 81 -29 4 -30 57 -54 42 51 247 -19 211 213 135 20 67 102 160 142 138 91 133 97 176 -120 14 -114 -63 -57 -162 92 24 93 -125 -114 70 68 -23 -33 171 0
CC 80 -28 -51 42 70 -92 -69 -1 -24 95 66 94 88 -73 45 87 230 170 58 84 183 77 -29 148 123 184 88 140 183 117 157 207 75 194 87 -82 89 -24 -103 126 77 -188 114 65 -74 -32 33 -197 0
CC 15 -88 -10 68 32 98 -37 89 57 91 46 41 -15 28 -87 20 166 -85 21 95 177 237 91 196 110 283 153 112 147 110 -73 32 195 144 91 133 -45 153 -151 -9 -97 23 127 130 113 -60 -162 177 0
CC -26 -25 -34 69 44 -29 53 -33 59 97 27 84 1 -29 -67 -46 2 -8 93 187 60 128 247 41 147 105 109 193 176 67 -26 18 57 165 170 -38 69 140 54 136 -50 115 143 160 -161 -43 -27 -118 0
CC 47 -99 38 -60 7 -50 63 -98 12 -63 20 48 -49 -58 94 -72 65 -62 234 86 80 -41 174 84 180 111 93 123 116 99 159 -5 76 -49 191 199 -166 -57 -129 167 -192 -175 -157 80 -172 -26 -1 -191 0
CC 23 46 14 -26 -1 -6 26 55 -19 -19 -58 14 20 -53 48 22 53 231 63 60 157 53 136 208 128 108 -56 163 35 -12 141 209 72 54 174 -99 -26 -199 118 -124 141 -40 143 -72 177 -185 126 185 0
CC -24 94 -30 63 24 -81 47 -24 -57 69 54 -98 -98 2 -68 65 90 163 72 198 201 10 211 -13 102 102 115 -42 -20 44 50 202 95 -200 99 178 181 82 -151 -110 183 -77 -163 -142 160 96 25 -131 0
CC -53 -52 -9 -26 49 86 96 57 -95 -70 -1 -16 28 -65 76 78 -17 12 50 3 184 223 188 203 83 74 142 128 63 -4 87 227 -167 -156 -45 -60 -198 -142 136 130 0 89 77 -107 -47 182 69 -41 0
CC 88 -24 59 11 -99 -70 24 -23 -89 -20 91 94 43 -77 98 -31 234 31 71 53 -5 60 35 23 -67 132 183 263 123 114 242 144 -149 -51 -121 23 119 -137 50 -89 -78 72 -30 25 37 -169 -123 -192 0
CC 32 82 -54 20 44 14 -9 28 12 89 49 20 38 30 -74 -85 83 210 37 143 159 75 -4 208 142 89 133 39 55 167 8 63 19 -183 192 -56 189 110 -10 -67 -122 5 56 136 -173 102 17 -169 0
CC 25 -33 -99 -69 -64 -8 80 59 -39 -69 -38 -50 -82 -32 -29 58 65 135 -19 -47 59 36 262 171 99 37 -7 1 -30 51 42 173 -164 -32 50 50 -113 -94 75 -188 94 -157 83 -197 -164 -190 133 177 0
CC -84 -57 -45 2 -3 80 35 23 33 -33 96 56 31 97 -83 73 11 -3 70 100 157 242 215 24 57 101 198 201 31 199 116 204 -41 -177 -86 -180 -197 6 -142 93 164 -121 -74 -20 -152 98 59 21 0
CC 79 90 -65 -100 -69 58 -10 -10 89 -100 73 -21 86 -31 -62 9 98 232 -37 -5 22 257 73 70 139 -77 227 75 218 53 5 186 154 -93 -117 -183 119 -184 168 -177 -26 106 77 -29 199 -106 138 -111 0
CC 25 -6 17 -9 49 78 50 49 96 34 75 48 -99 -44 -14 -30 93 104 116 42 74 182 93 161 199 46 213 232 -46 52 184 146 -28 53 103 78 184 33 -35 -199 68 46 -134 -24 -172 79 104 161 0
CC 3 -80 -79 -10 -12 54 -18 -38 42 98 59 15 84 55 39 65 81 100 97 52 25 239 120 108 74 201 217 194 236 249 121 253 4 68 -29 -16 74 -190 63 111 -91 38 -132 -152 -24 -162 -172 165 0
CC 75 -62 2 -89 -99 -78 -30 -53 -63 -35 -69 -13 -11 24 -38 -37 98 23 29 89 -10 -73 159 43 -27 -34 108 154 58 57 148 -29 -96 50 35 -62 -152 27 -68 -74 161 -51 172 10 189 167 -143 -186 0
CC -58 74 1 -38 63 36 -2 -13 -45 -36 -22 85 -64 -24 -79 43 -27 104 68 95 179 39 90 4 -14 58 115 196 100 2 111 121 -45 51 -161 -7 122 89 111 -104 82 -157 26 56 -77 8 -76 79 0
CC 84 -53 43 78 73 99 -45 78 39 -37 -5 -33 60 -16 -45 63 260 -38 113 164 189 200 93 244 226 45 61 81 69 171 115 174 -28 141 -76 -181 -92 -29 136 -86 -144 -66 -138 78 100 -13 103 157 0
CC -13 -77 37 94 -20 -5 25 -75 64 -80 77 -76 89 -7 -21 -17 153 20 73 145 126 8 150 87 81 53 97 -33 221 71 90 -11 47 -187 -48 -14 -148 118 80 19 -68 43 -190 107 -105 146 -107 58 0
CC 54 -66 -95 37 33 -5 -98 -51 95 -12 47 -17 -71 -4 45 65 137 42 -70 234 159 145 -7 85 110 38 51 173 77 81 215 130 184 -54 115 48 -132 -137 148 26 -63 -105 178 -161 -184 13 -61 -159 0
CC 81 29 7 97 -8 -29 -38 -22 -9 82 -77 7 27 14 51 45 100 97 71 249 43 105 77 -10 100 108 -70 95 223 207 136 153 84 20 -165 -163 42 184 132 -30 -60 -42 -23 46 62 -186 -182 152 0
CC -18 66 36 -71 87 64 62 -76 91 -91 13 33 -31 62 -66 13 152 66 127 2 135 171 248 -24 95 10 148 135 159 81 -60 136 20 184 93 119 -121 167 -37 156 -6 -146 177 177 21 -154 95 154 0
CC -68 96 4 -50 5 -18 -89 -68 -21 26 -20 -79 67 16 19 -42 17 158 57 -36 132 -5 -7 129 162 74 60 -51 200 151 59 32 -59 193 149 3 138 40 -169 2 -39 -116 -79 -65 -12 2 -118 -105 0
CC -50 -67 -64 49 85 -42 94 82 37 -81 -34 95 22 83 41 31 36 3 85 76 193 39 142 247 73 -35 15 177 92 102 45 94 -23 -74 109 157 38 -134 -49 87 -121 106 -56 14 -84 -105 3 -163 0
CC 49 1 40 71 -71 73 40 -92 3 -41 -52 -15 -60 -69 -80 -89 106 192 120 170 46 186 75 -74 114 1 92 182 29 -9 -38 78 -163 -46 -9 -163 38 -79 -9 -37 -33 30 -161 -17 -137 -37 -168 145 0
CC 32 -25 -62 -94 88 80 63 -74 41 74 19 -96 7 -27 -66 39 139 42 61 40 270 147 122 -32 56 100 177 89 31 155 56 141 132 103 14 9 153 102 191 3 -155 -187 72 -108 -185 -51 -117 150 0
CC -59 -68 -64 -19 -54 19 -89 78 27 -90 12 -26 -21 -2 -4 -49 6 -24 121 92 129 206 -43 197 133 -45 51 45 38 91 135 -39 10 4 -181 45 3 189 -35 -53 -179 124 141 -15 123 -166 -183 -44 0
CC -60 57 -44 -22 54 -5 -67 8 42 12 -80 -77 -51 81 58 27 113 208 -14 170 159 126 95 21 151 172 73 33 68 278 209 225 -198 -126 -20 -23 -184 -160 -101 -56 84 46 20 -77 -46 146 3 87 0
CC 67 -34 63 -53 -55 -35 89 -5 93 49 -64 -15 0 -77 7 -4 250 57 249 -3 15 10 135 22 231 114 -32 35 13 -65 65 71 -151 62 171 -116 37 -101 18 15 118 -131 -148 -104 34 -164 -94 104 0
CC 96 -86 82 0 21 26 -78 -92 -56 2 58 -39 43 63 -52 17 112 25 139 6 63 105 53 63 -42 113 165 34 98 219 -23 172 102 130 -180 85 117 -33 133 145 155 31 199 63 -80 -74 -80 -1 0
CC -16 69 15 -78 -47 -95 -32 88 -34 86 37 -32 -42 -37 30 -43 113 206 196 6 -5 -40 166 249 127 164 152 52 109 137 209 93 -69 38 4 115 -26 -152 -97 11 -159 148 -122 15 149 33 -173 -117 0
CC -43 60 24 17 -35 43 11 -40 -55 -28 7 -7 -60 0 91 -55 -39 252 34 213 99 197 176 -12 55 139 183 82 -47 82 238 -12 33 -53 -92 139 54 -110 42 -32 -101 -164 -8 137 -53 -56 -170 184 0
CC -12 30 -50 1 -11 -18 -81 66 -38 -8 -71 78 -40 -48 63 -49 142 196 -39 36 84 170 99 98 -14 13 38 269 153 47 247 -31 -51 129 192 -89 88 -23 190 -176 171 -34 -128 -162 49 37 -68 -128 0
CC 80 70 46 18 -64 9 47 49 38 -78 -6 -2 34 47 81 24 117 74 64 129 76 79 177 231 136 23 76 2 185 68 138 142 52 36 -140 82 -57 135 -72 175 160 -22 -32 -76 -58 53 145 16 0
CC -89 40 15 -73 58 -22 -98 44 50 -5 11 -90 -9 -78 -94 21 -71 159 72 6 231 1 59 148 87 157 184 -25 124 34 -72 121 -54 -119 -21 32 -86 -129 22 195 -148 171 -11 -140 117 -4 -79 144 0
CC 92 66 61 65 -12 -71 -11 -94 54 -73 71 77 -13 86 -52 -65 194 113 258 109 144 95 -2 89 243 -11 125 249 72 137 87 104 53 110 147 -139 -13 -196 137 2 24 -75 -173 -174 175 20 -72 94 0
CC -61 29 31 55 -68 -40 -62 -86 -66 14 60 -85 -95 84 -74 -25 -3 46 202 254 54 59 76 39 107 174 211 -53 68 155 29 90 55 38 179 -158 -152 21 -94 -91 49 -30 180 197 121 120 -6 46 0
CC -52 54 -84 -35 87 67 65 -14 58 52 50 35 96 83 -19 31 102 174 22 -15 267 262 217 122 221 242 88 179 256 260 145 115 184 -139 34 -54 50 -118 -2 -131 -76 192 -54 -182 124 144 124 -129 0
CC 66 64 85 9 -47 99 -83 -7 -63 13 84 59 -29 -51 -34 -76 115 151 130 158 5 286 52 63 89 48 85 224 73 113 -17 93 23 111 -174 16 6 -49 -137 41 157 -159 -158 129 126 28 80 -181 0
CC 27 91 84 -7 35 29 -41 37 65 -55 -36 71 0 81 -51 -29 165 123 153 128 106 60 13 140 186 91 37 135 0 175 130 81 154 -23 -119 68 -130 187 -110 -146 71 192 -69 -37 184 119 143 174 0
CC -41 1 7 30 23 -46 69 5 77 20 -54 -74 -39 -82 -27 -98 80 60 31 52 61 -37 178 47 121 135 72 -47 47 -65 113 48 -20 83 157 103 -72 145 145 191 -28 -165 156 15 -8 -34 4 14 0
CC -1 -56 88 60 95 4 -29 -37 -71 -66 -100 -73 -3 63 45 -47 66 116 237 129 210 97 78 88 80 39 -96 -73 185 212 141 105 75 -130 114 -19 -92 -113 -26 -9 -117 181 -152 20 170 191 59 -96 0
CC -8 -34 -91 -56 -75 -27 -54 68 59 70 -25 -62 27 67 -36 65 16 53 -22 -1 -68 7 30 115 203 219 17 -2 97 181 56 230 11 -111 -160 -55 101 -99 90 -9 39 192 168 -193 76 -117 -110 -123 0
CC -81 -39 -96 95 87 55 63 91 -73 17 46 -41 72 -71 -65 -16 -70 140 -5 108 175 182 69 265 117 125 125 99 216 68 14 170 -87 -40 105 6 -152 109 131 45 137 55 18 -2 -159 -146 95 -26 0
CC 45 -24 -27 63 -82 -64 86 -73 -18 77 51 31 90 -13 96 -68 146 21 45 204 6 83 205 27 118 97 168 224 156 168 295 120 -20 106 97 157 36 -24 72 163 194 181 34 79 -49 93 181 -120 0
CC 60 -68 47 42 -25 9 89 40 85 18 99 3 55 -4 -92 -62 234 86 83 207 43 160 230 220 261 26 267 155 107 190 -71 68 152 52 188 160 -171 22 41 -178 -26 -38 -64 -110 -122 -157 -137 -185 0
CC -88 -95 -72 -98 16 -96 -53 25 21 84 99 8 -55 58 -68 -73 31 -83 125 -30 83 74 24 150 107 208 187 102 19 86 76 75 -44 137 -87 -78 -158 -53 151 97 118 48 120 84 -167 101 120 -158 0
CC 26 -23 26 -56 -56 16 52 86 -61 60 -98 -26 -76 7 -33 -33 221 50 172 26 -22 158 191 183 21 121 41 142 18 145 101 18 -80 197 -117 159 48 94 -32 196 92 -160 188 13 111 193 -173 -79 0
CC 13 -67 81 -27 -35 -95 -82 29 -25 -46 76 88 -2 -58 -53 43 16 74 214 18 12 -21 16 186 151 -3 184 229 120 89 -40 61 60 -90 -8 -195 -56 -88 6 96 30 33 -11 -118 15 -140 -140 86 0
CC -45 -87 9 -8 25 -34 49 64 -75 -63 23 -41 52 -78 -12 -86 144 -17 154 -8 153 82 64 73 -18 89 31 132 135 49 -8 -15 184 93 -130 65 174 -85 -10 -63 102 121 62 -116 30 -18 -138 -22 0
CC 29 -29 -91 11 84 98 -17 -35 -53 -39 91 -11 -56 60 -72 -43 201 107 22 113 109 182 20 -24 46 74 286 55 -29 151 -45 -17 -55 -45 -36 116 76 50 -115 164 -32 191 163 52 -83 172 -3 82 0
CC -41 44 -40 -72 72 -13 -9 61 33 30 64 87 -30 -96 -97 50 20 170 85 114 249 53 53 235 188 42 135 254 -3 -89 82 69 -129 -118 -66 47 194 -187 192 83 63 89 102 28 -95 -157 -28 -9 0
CC 63 55 91 -46 -5 97 77 -18 25 -3 -12 -6 -74 13 -88 34 173 126 247 -7 -2 288 90 151 149 71 177 139 14 155 -51 220 53 180 -65 -101 -30 89 -84 -77 55 -126 -64 -40 -84 -45 -89 -146 0
CC 75 -9 66 -79 -53 36 -4 64 20 83 -63 4 -8 -96 91 20 238 188 140 44 111 94 32 213 133 282 111 21 175 61 247 112 -133 36 160 187 176 73 161 -97 -108 78 193 -58 -184 -60 56 114 0
CC 93 55 -42 51 81 27 -31 -62 30 86 -48 6 9 77 96 89 233 160 135 211 278 80 66 39 75 251 110 119 133 104 104 176 -98 3 68 -133 -7 162 145 54 11 55 -4 -99 -170 -10 -61 192 0
CC 51 -52 -45 -82 -27 -79 -26 4 -6 -67 77 -82 13 -96 9 -24 160 47 136 85 144 -2 112 119 105 -15 232 73 23 -68 63 51 41 -58 139 -96 -185 -72 -196 31 -8 79 -60 39 20 139 -138 91 0
CC -96 61 92 84 -84 56 48 20 -88 -26 18 47 -56 -97 -85 81 54 115 193 170 -68 242 147 124 77 15 215 205 95 -10 -30 245 -171 144 -193 -189 166 -78 132 113 167 42 144 199 -148 138 154 141 0
CC -45 40 -47 -80 -86 59 10 62 -48 59 0 -56 -55 -90 69 25 67 224 149 -57 7 99 46 102 -41 199 196 80 86 23 196 111 192 -152 -35 -194 156 -134 -31 -143 112 76 -60 -123 -127 -152 141 -66 0
CC 91 61 70 -66 -37 -97 -20 6 6 -100 -14 -92 71 -8 54 64 287 171 233 56 137 73 -5 32 153 -28 1 36 121 77 202 167 -78 162 169 -90 -142 -54 39 152 79 118 -86 177 92 -34 92 62 0
CC 10 49 -47 33 -49 17 -54 38 4 96 -89 -59 -51 -48 -69 -75 146 91 53 133 137 212 64 200 73 129 7 138 0 136 118 29 -122 56 -197 -173 194 -77 173 10 158 -186 -50 144 44 -103 -165 -18 0
CC 0 -74 -64 95 61 11 -45 -1 48 84 66 -81 86 -78 -9 -91 151 -33 34 189 118 109 102 150 230 244 126 -43 161 -56 174 3 -100 -185 -116 69 117 -85 118 -146 -159 97 -200 42 140 -14 196 94 0
CC -24 94 -52 -59 -10 -9 -15 77 15 11 58 52 -51 -19 -75 -70 77 94 49 26 -7 165 145 259 41 46 121 109 6 31 65 -39 194 97 -168 192 4 43 70 92 27 121 -178 174 27 -136 -132 42 0
CC -75 -5 39 66 -61 -87 39 67 -69 -49 -54 -99 -10 -94 8 -26 -7 40 200 138 -31 47 175 84 126 128 -52 -50 130 -36 57 36 -45 137 -37 150 -35 174 -17 -167 -26 -43 26 71 184 57 -161 -74 0
CC -52 -68 -35 91 49 27 98 35 92 83 9 23 55 81 85 90 101 52 69 246 202 181 143 86 251 268 43 41 90 108 213 145 -138 79 26 3 -195 6 146 -44 -195 67 173 93 149 57 10 165 0
CC 49 -53 -96 61 81 54 -53 49 -94 68 -15 -53 -88 37 99 -5 54 87 -12 81 210 59 107 190 32 137 3 -36 85 172 215 65 -38 13 124 110 -104 114 -51 -72 -144 -137 -131 161 -154 66 147 152 0
CC -91 10 91 99 -37 -16 -55 -9 9 -91 61 -74 -68 16 -30 -59 -22 28 267 244 -7 14 -13 170 139 -66 247 23 -28 55 72 127 -88 6 -68 1 -29 141 -86 49 -83 -13 57 27 156 -147 -165 -135 0
CC 34 -51 -50 68 7 64 44 -48 5 40 -94 -34 -43 79 27 -39 218 -24 87 214 66 149 113 138 61 89 90 151 144 234 90 140 108 39 -30 -53 -66 -17 -177 -138 117 -145 -161 67 -44 -98 113 -49 0
CC -56 -81 -19 50 -94 -55 12 -32 22 -64 39 59 18 -16 -48 -96 19 46 13 175 -11 94 170 106 87 14 113 152 144 61 35 -16 20 -42 14 -184 152 -63 76 32 -153 178 6 133 118 -5 -122 -21 0
CC -7 70 54 -99 31 37 -29 41 36 -86 45 -18 10 54 -23 -27 138 83 142 -23 46 163 167 74 121 4 180 87 69 66 121 6 137 27 -108 170 196 89 168 45 80 -88 -143 23 111 -61 154 32 0
CC 63 -17 -20 60 -28 -18 5 -84 55 -39 -7 22 36 -64 77 2 119 180 65 111 168 13 98 115 131 111 58 122 216 76 241 48 -171 62 -53 189 125 -18 -6 -194 102 -112 -56 94 179 183 -21 162 0
CC -63 -69 89 -56 32 -72 22 -46 -63 68 31 38 45 81 66 69 88 50 115 31 165 -65 166 134 94 80 32 222 218 250 119 151 -145 -193 83 185 2 -98 82 -26 139 137 -159 -88 139 26 111 119 0
CC -29 6 -20 -81 9 2 -86 53 32 -57 62 77 24 81 -99 -77 127 168 179 39 60 143 -47 73 218 50 193 114 141 170 99 23 -137 195 -96 68 21 5 -69 100 106 140 96 -189 -190 130 -67 75 0
CC -72 11 64 -30 62 -90 -79 -68 14 -52 -25 41 79 -97 35 50 -6 31 216 117 124 101 37 -19 64 -27 29 158 160 6 100 126 66 -114 -176 132 63 -100 -183 58 -144 -92 -25 -53 51 198 -188 -196 0
CC -50 -80 -22 -13 47 -26 -79 -76 75 87 91 -85 36 -40 -91 64 47 1 174 183 70 90 16 -26 261 223 230 26 225 -12 85 66 72 -79 -77 -51 -197 -128 154 9 -125 -49 -200 -118 30 26 1 -83 0
CC -64 42 52 79 30 -18 64 94 72 73 -58 -94 73 25 66 46 112 42 227 194 88 56 74 116 103 220 78 -16 255 186 109 172 164 14 152 41 180 91 32 61 189 191 167 -80 -105 10 -131 95 0
CC 89 74 87 76 19 -61 59 -94 69 90 -15 42 -78 -14 -3 48 131 111 248 211 148 75 168 -60 222 141 26 209 76 68 150 240 105 -120 63 -189 -101 -71 112 25 -131 -53 -11 178 -60 -173 -44 -156 0
CC -23 89 -85 -64 83 72 51 -9 -30 -74 -29 76 -32 61 -42 47 80 199 -54 -43 189 120 74 100 128 32 154 201 108 237 69 130 153 -60 -107 -56 -63 104 -190 -108 -154 -10 46 108 -61 -40 18 18 0
CC -48 -86 7 5 -53 -7 -99 40 -48 -78 93 86 -11 49 -32 70 -14 -9 106 131 96 118 95 147 69 -13 162 169 131 96 15 210 41 -98 60 166 -98 27 -81 95 158 41 28 -143 -43 83 184 -91 0
CC 49 -32 15 -27 14 -6 52 9 44 -20 89 97 -36 -4 46 -36 143 2 54 -14 20 187 134 192 47 105 163 239 -27 78 195 7 55 -85 32 97 -34 50 -8 192 39 131 25 -188 3 16 23 168 0
CC -34 -89 -97 94 -23 3 -33 -30 -14 -39 81 83 69 10 -76 65 113 -81 55 126 151 126 154 5 167 7 193 158 147 34 26 222 -150 -15 189 114 -11 -117 93 127 -124 -128 -181 -172 132 -83 43 -82 0
CC -99 -6 73 -50 -26 -7 -27 58 -25 -30 40 97 -59 -33 -57 32 77 40 157 48 53 56 157 152 93 6 77 180 -3 25 75 210 57 -108 26 -176 -112 -36 -6 -181 73 182 158 -196 40 -110 170 -15 0
CC -4 -58 -39 -14 -32 78 82 75 -35 87 72 -7 8 94 15 -74 47 -49 -3 44 166 225 271 83 17 271 104 67 96 268 210 99 -31 63 133 -79 -42 -7 2 60 145 -77 126 -112 76 135 85 -167 0
CC -81 73 86 31 -94 -16 24 -99 -12 73 58 32 15 49 68 70 27 108 186 71 -82 42 190 61 64 127 131 231 200 117 94 180 -178 -170 -166 18 50 77 165 91 -114 -188 -80 -45 7 47 -188 -130 0
CC 99 64 -92 -54 -42 78 -15 -55 -8 4 26 63 12 -11 68 -76 134 252 -16 -53 70 122 96 6 173 107 129 82 191 15 152 -61 36 197 25 79 104 -97 40 108 134 -3 184 172 -152 -199 113 -90 0
CC -20 20 81 -33 -36 -52 -80 -80 74 -13 97 71 -47 -79 40 -34 32 117 271 13 137 36 72 -39 235 172 114 209 24 59 195 -31 21 82 -185 -81 174 145 125 151 187 2 55 104 94 -107 18 -142 0
CC -89 36 -61 -73 81 -64 41 87 -68 -98 -40 -30 -27 -63 39 -42 87 184 61 -63 240 66 177 244 -19 -31 38 137 131 122 158 65 -190 51 -36 -99 -81 -191 -120 -30 -75 129 57 -195 128 90 -199 -116 0
CC -81 -1 -31 95 -24 -15 -58 22 64 66 -50 -78 3 85 34 61 -81 187 141 270 11 43 73 143 124 136 39 62 12 241 218 82 -180 -71 -70 197 -173 -54 105 -158 113 21 -179 161 -66 61 -104 106 0
CC -40 17 11 -75 -54 -33 -71 15 76 -76 -17 21 -68 55 48 82 24 203 162 -6 65 60 77 148 143 104 23 178 -47 101 140 193 -162 -41 171 193 82 -178 -17 -108 -172 50 114 -148 -45 24 95 188 0
CC 56 39 83 -88 -38 28 80 36 60 -92 96 -15 6 95 -84 -23 148 46 218 24 157 96 132 43 167 -3 293 73 78 179 14 3 -64 -131 -112 69 61 171 -8 -162 -118 193 -114 -107 -19 -107 -160 -92 0
CC -52 92 -70 12 6 44 89 70 -85 -93 15 -73 46 -24 -5 11 106 138 89 179 169 44 196 172 -15 54 163 67 169 163 40 200 160 119 178 -181 -184 -96 176 -188 -90 -112 199 -155 -196 -29 -113 87 0
CC -84 44 57 -81 -40 -41 -44 -39 84 -29 11 -43 -42 28 -2 -84 95 145 126 -5 104 130 26 107 126 124 132 23 133 174 4 -67 194 -152 118 18 -82 10 -67 73 118 60 -9 92 -87 -10 -66 57 0
CC -73 12 37 -44 16 -41 51 -83 59 -7 2 -70 -44 -24 -99 -52 1 147 108 51 22 -26 124 71 111 14 2 42 -42 34 27 133 -73 -174 -132 -27 -153 -87 40 -14 145 162 36 123 195 -110 -152 63 0
CC 13 53 -8 -63 99 88 11 -42 48 48 64 -47 -100 -53 -32 -12 101 110 8 46 111 282 13 -12 79 128 209 4 43 127 99 59 89 195 -153 -132 68 133 -65 145 -177 -40 48 58 -126 -64 100 94 0
CC -79 8 -47 -24 88 89 -53 21 -43 57 -97 -49 -19 -5 88 -73 104 201 95 18 94 100 -42 80 36 224 92 0 84 126 160 -12 -152 -122 -139 -107 39 90 185 -83 48 -128 -193 -200 -106 137 -57 -45 0
CC -31 -46 71 72 -56 -49 -49 -2 -65 78 -15 -96 33 42 18 -65 77 -17 158 268 -56 -46 -12 130 55 178 106 80 132 65 85 5 166 177 56 -24 -35 -34 21 105 -23 -162 -54 -25 14 11 163 166 0
CC -99 -77 28 5 43 -11 -84 -69 94 57 -25 -69 -30 -70 -10 -76 -25 95 35 142 218 120 -20 -63 218 216 136 67 34 99 102 77 -45 87 -192 60 -19 -91 -39 -16 4 74 100 -176 -17 -79 48 -21 0
CC -15 -54 83 87 -87 14 -10 -26 47 95 26 69 23 -98 92 -5 154 98 181 142 -4 80 126 141 56 280 97 138 75 -59 97 66 43 2 78 -10 -49 39 -97 72 136 -159 162 115 -187 21 -144 -78 0
CC 34 89 -39 49 42 4 -81 85 58 66 -60 -50 80 -29 47 -5 195 124 143 226 97 181 19 139 104 159 119 118 261 53 71 124 10 129 139 124 147 17 -131 -139 -134 89 -150 86 68 -2 53 30 0
CC -36 -15 -2 64 -95 -44 42 62 12 18 48 83 21 -91 90 51 64 22 193 225 -94 -40 178 221 118 171 217 138 174 -21 165 182 83 137 -64 29 161 129 63 -55 170 -101 151 189 136 98 51 -193 0
CC -67 -4 -59 -89 -38 66 55 -9 41 93 -100 -4 50 -37 30 18 -42 184 -7 81 33 120 182 127 168 123 -37 155 51 127 209 163 143 102 -39 66 188 43 -52 18 46 129 107 -105 -101 70 141 -53 0
CC 13 -39 -68 -70 11 -82 -35 65 -65 28 -25 50 14 56 -71 -86 113 104 17 -40 41 -4 -6 157 109 72 84 173 169 193 -23 -19 -125 -37 90 121 -16 -56 97 13 192 137 189 -67 18 -152 -170 -139 0
CC 10 59 72 17 -46 96 -19 -49 -1 -19 -6 36 -77 -64 -7 -88 142 156 156 29 42 286 85 -36 41 37 112 65 -75 55 118 -15 -158 -114 -139 57 -33 90 197 86 134 153 -162 87 -28 136 24 -33 0
CC 2 -49 37 -76 77 -85 -45 -73 63 40 -41 -18 19 98 -63 95 156 -44 93 14 261 36 99 107 88 78 51 78 52 107 76 201 -177 -164 -121 87 158 -13 189 -140 138 -189 166 171 180 -130 54 -73 0
CC 83 24 85 -25 -14 -96 28 8 78 84 12 35 39 20 -9 54 244 212 189 171 41 -7 36 166 274 275 138 86 227 83 92 160 71 3 -19 -181 63 -41 145 154 -155 152 113 -146 110 -142 113 2 0
CC -34 63 17 63 -33 80 86 -4 6 71 74 -11 62 -68 -55 36 0 205 89 71 87 136 233 15 68 239 108 186 129 114 -6 217 -37 121 -131 13 -61 -58 130 -55 -153 105 -61 33 57 -135 -62 146 0
CC -21 61 7 6 -89 2 -13 -4 61 -49 97 94 -42 36 83 -84 99 229 82 52 83 63 163 4 66 44 269 228 151 87 145 32 -155 64 -74 46 -119 30 49 31 -168 166 -114 6 -119 128 52 -86 0
CC 98 -52 -69 -36 82 -32 -74 8 88 -60 6 48 98 57 -90 -65 101 -1 -57 -20 247 128 96 67 130 -50 14 56 138 113 -52 -7 -158 50 -193 100 -175 111 -96 -45 169 -163 -8 43 7 23 -11 -99 0
CC 46 -98 9 -70 -33 -41 -46 -39 -63 -74 27 50 -19 -95 -8 39 130 94 189 103 46 -13 132 97 35 59 58 83 123 77 183 41 71 130 -76 -66 -105 55 -105 151 -59 199 -116 -172 -39 134 13 41 0
CC 94 -58 45 -13 -62 -26 3 -84 50 15 9 -19 41 47 90 -36 150 59 199 119 -51 136 198 68 246 102 43 57 62 107 189 137 -28 -92 6 -109 -78 107 -199 125 -84 118 174 -157 198 82 94 8 0
CC 71 72 -3 65 -17 -91 -96 54 -63 -17 -9 98 5 61 5 -18 99 116 143 127 106 -87 49 98 -29 81 60 291 47 220 199 -15 155 -93 104 -57 177 53 -173 87 -62 -136 -108 89 35 -151 172 -24 0
CC -12 15 54 -55 9 -99 -10 -22 27 0 -72 2 -81 71 72 95 -5 177 205 -21 86 -24 122 72 178 185 1 142 -34 163 73 249 121 -83 -49 -151 -130 15 -191 168 162 117 77 -9 142 -72 -43 -168 0
CC 62 72 40 -45 72 -51 -60 34 -38 -81 -97 20 -66 48 99 -25 259 147 194 -39 107 86 48 113 -34 70 16 105 112 81 256 134 -84 162 -87 -101 -76 65 112 156 -91 -137 -188 39 194 -200 187 124 0
CC -8 -96 12 -79 -15 -51 -11 -17 -65 -77 -1 -16 49 69 41 78 191 -10 112 -7 60 96 171 65 -32 -17 152 93 71 112 121 208 33 64 -180 171 85 -78 100 85 -157 2 -47 -9 -108 164 -9 -61 0
CC 0 53 -62 -67 87 41 -16 76 40 32 -77 -52 55 99 51 -91 171 59 -21 -51 203 41 85 147 204 174 -35 95 241 270 210 -39 -127 -93 92 152 -95 15 -11 32 65 147 118 -76 -83 134 50 -198 0
CC 76 65 49 -86 61 -69 55 -27 59 -91 63 -33 94 -15 -30 -50 212 178 54 3 125 43 74 -9 181 40 170 -9 219 77 -25 -13 104 175 -109 33 -173 -25 -87 84 195 47 184 -151 -146 -104 160 -127 0
CC 77 -10 26 22 21 -43 6 13 -91 21 94 -61 2 -61 7 -18 269 7 202 159 122 77 121 165 -68 94 96 31 172 -17 173 5 -108 63 -15 116 175 -49 76 -32 -26 -37 107 125 -147 -57 -4 -84 0
CC 85 -39 82 8 -29 78 -45 -39 -96 -100 -32 -48 40 -49 -65 73 167 156 238 85 -5 93 24 69 -81 -51 2 -1 221 40 95 164 -17 -64 -41 -16 138 -170 -48 197 -85 -62 172 -81 75 105 81 48 0
CC 55 -41 -44 23 -38 86 6 33 90 -29 19 88 -87 57 98 -75 201 -34 119 138 146 274 134 212 256 62 217 145 -21 246 101 115 -83 -175 -8 41 27 -126 56 -103 58 -99 199 159 -78 38 174 114 0
CC -48 8 -95 -85 -32 -32 -73 1 -9 -83 31 25 -2 89 71 3 48 189 77 -42 83 71 -4 27 168 71 37 91 22 280 131 83 42 -27 139 -18 -20 189 -145 197 -200 142 190 172 -56 139 -194 -90 0
CC -7 0 -3 -2 92 83 55 -49 42 49 -89 -6 -97 -58 87 38 52 160 1 19 245 161 184 21 84 146 53 37 43 132 270 204 -69 109 -114 193 -49 170 194 137 149 181 -160 -47 -91 130 35 -134 0
CC 8 -46 44 -7 -73 -33 72 -19 64 99 -83 64 -70 -59 50 54 81 30 62 112 9 143 252 155 225 198 77 230 40 97 185 208 195 65 59 -91 51 94 35 177 160 -122 103 179 -50 -179 -96 -120 0
CC -52 -65 -87 25 56 -41 91 -7 14 -82 -49 -37 -50 49 0 -89 75 95 -11 53 101 -31 283 178 150 -40 41 41 -7 217 76 -1 12 -14 147 199 111 -123 140 48 -17 -63 16 -71 5 33 31 41 0
CC -59 81 81 16 -47 -78 3 8 -6 25 18 51 21 80 28 -29 20 205 271 177 -35 -3 80 187 73 116 150 116 67 194 147 112 -167 18 -94 148 191 -179 -136 184 61 149 -20 104 94 55 19 -153 0
CC -8 56 41 54 3 -17 39 -67 -59 -40 7 84 -61 26 52 -86 36 161 192 82 149 32 209 83 -28 62 154 139 87 128 57 -46 124 -97 -65 -174 -90 127 -75 -161 -42 52 -152 -47 56 84 -170 31 0
CC 41 -34 5 -84 -32 16 -30 -22 15 45 29 31 -65 71 13 -98 220 131 11 -66 46 30 -25 110 99 96 221 42 3 155 165 -29 -198 -96 -65 190 -63 -8 -107 -5 153 193 -27 138 96 66 144 158 0
CC 94 -61 -65 88 81 6 96 -56 11 -45 66 -18 30 -86 50 -70 185 108 19 270 192 200 277 48 28 -26 232 -13 70 94 164 -50 164 -104 132 135 -72 -109 159 44 148 -183 -140 182 -182 -48 15 9 0
CC 21 -68 -72 77 46 -93 41 59 12 27 -11 -68 -21 44 81 83 190 -55 52 209 144 39 103 87 190 187 22 -2 73 67 251 212 -9 95 -135 -116 -198 -192 0 -67 47 19 188 -46 78 -38 12 144 0
CC 43 -4 -71 -24 -53 88 42 72 35 47 -56 -98 41 -41 -11 -100 113 177 22 149 -39 134 167 94 190 185 -22 32 200 146 23 -78 -42 187 -83 78 -89 129 -176 -1 -79 50 -128 -194 99 24 -162 36 0
CC -18 6 -43 79 81 -94 -88 -37 -12 -22 -33 81 -31 12 -55 65 98 95 133 154 200 -20 79 -11 55 -2 69 241 -14 208 75 201 114 88 43 -67 167 49 160 -53 -66 108 -175 66 194 69 -59 -33 0
CC 66 27 -26 60 -31 -54 12 -42 27 -80 87 22 -65 -85 -84 -30 214 38 25 190 166 76 211 21 87 97 231 93 32 -27 -5 95 134 161 180 0 -98 -138 32 180 110 -154 194 158 9 91 -160 -30 0
CC 33 17 -3 -92 -94 53 11 -28 64 -96 27 -100 37 -14 64 87 222 64 123 55 40 109 102 31 139 49 57 47 234 -9 227 203 -79 -64 149 126 70 -107 191 -199 -120 -43 -54 193 71 -182 -95 -39 0
CC -20 -77 -76 4 -39 59 4 76 46 -49 65 70 86 -71 -83 40 159 -25 -60 176 12 111 145 255 141 33 228 256 249 -4 -2 232 -195 -136 -109 -12 171 -130 -133 24 -12 56 -164 -112 104 28 -120 84 0
CC -89 -22 -45 95 -49 -13 75 -69 -88 -56 28 -43 65 68 -94 -93 8 51 126 118 139 145 171 56 6 -21 226 33 148 146 36 76 -23 -92 -197 -114 -199 -13 -50 170 3 -5 92 117 89 64 -148 162 0
CC 47 -51 -81 74 70 -86 -16 25 89 -59 -97 -87 0 -67 -98 68 192 77 59 258 134 -13 22 184 254 66 -25 34 93 0 91 224 -142 135 -19 168 -34 195 -122 -43 -161 8 105 34 -74 -137 79 -47 0
CC 63 94 3 42 2 -92 94 -28 -13 67 -28 -85 -30 -10 87 56 103 259 157 189 104 23 261 -28 -11 238 58 -5 153 67 267 196 -57 102 20 145 -183 -110 -17 -197 -56 -100 -60 -143 11 -90 12 -73 0
CC -54 82 37 -19 82 -26 32 -5 -94 -82 -2 44 43 93 17 -20 32 240 83 146 119 -22 106 111 9 -71 56 236 172 103 161 -1 -154 47 49 -28 -189 43 -21 8 -12 80 166 -123 123 -160 77 33 0
CC -24 -45 -37 -96 -16 -97 -20 55 95 -76 -43 17 -6 -22 21 27 127 153 -33 -73 57 -80 141 161 270 -68 41 156 148 88 168 177 108 -24 32 -157 -147 -155 174 137 -167 -196 107 106 -90 85 -42 -72 0
CC 72 -1 88 -79 -74 33 91 2 87 -2 -74 -33 18 92 79 -51 254 136 220 77 -61 116 268 9 167 5 106 -2 37 284 249 5 -159 -101 -126 34 -82 9 116 26 -27 -125 -143 194 78 -166 0 83 0
CC -41 27 53 -21 54 -88 58 -63 -77 75 -90 -78 45 97 -44 99 6 176 142 166 219 96 160 -17 -52 150 -4 -65 163 294 108 215 -188 171 51 -141 -9 22 -159 185 -44 -188 59 -39 -198 189 -94 -110 0
CC -79 -86 99 7 -29 -17 -56 -54 87 -7 83 27 17 33 76 -43 -5 25 186 69 44 30 137 136 285 190 253 211 152 76 190 154 192 38 16 -109 129 -58 -140 58 162 -122 -96 -184 -145 -83 142 190 0
CC 99 -88 -78 84 -86 18 -14 41 -89 53 -5 -70 7 34 10 -44 292 -49 100 155 -80 103 -11 129 -72 127 21 120 19 182 124 -12 -65 77 -125 -176 194 130 65 60 175 124 118 109 40 111 -130 107 0
CC 86 -96 -36 91 16 86 -53 -13 51 73 -20 43 -54 66 -36 89 157 68 91 124 144 197 117 44 218 249 142 209 -23 88 54 117 -138 151 120 146 -76 -86 -122 -174 140 125 148 -136 192 177 -143 168 0
CC -45 34 60 -47 30 -70 -6 -62 -85 -27 93 -16 84 -96 99 57 31 197 126 -8 150 -7 55 -35 -42 5 181 158 218 43 120 108 91 148 -133 43 158 76 107 82 -76 -47 29 -56 11 -150 122 137 0
CC -66 -7 27 -96 57 38 -18 -55 -52 70 8 -42 -64 -43 -38 -40 32 81 83 33 131 149 77 -4 -1 230 154 -2 55 80 42 130 198 177 21 -195 45 19 106 -155 -133 70 120 9 65 -54 20 131 0
CC -21 85 83 -98 -28 93 -98 -81 65 85 -31 -100 82 -84 62 -46 -16 135 133 -77 53 232 77 103 264 144 107 -24 141 -23 147 32 179 -170 33 -6 -60 132 4 127 160 -70 -65 -62 -12 -39 -158 -66 0
CC 87 43 -30 82 13 -100 -10 -21 92 -65 21 82 -72 -75 -67 80 119 94 138 188 188 27 99 104 131 29 54 258 126 106 -21 126 -139 -154 -155 56 -54 -178 33 -106 -20 -190 -5 -2 -33 73 -200 -73 0
CC 54 88 -66 -86 77 72 22 -11 14 14 93 -70 -4 -51 -99 -67 143 256 46 13 97 75 205 150 208 188 222 -1 99 19 -52 104 36 -86 153 -1 -168 160 159 140 186 -16 73 193 106 -195 -174 181 0
CC 94 53 -55 -69 67 -59 86 -8 -2 -24 -91 25 55 -73 77 -91 187 188 -6 47 176 32 273 181 188 151 78 99 174 29 147 -28 116 77 -128 -2 79 -52 52 122 121 -108 -63 72 122 38 -101 -9 0
CC 57 61 -65 56 -100 38 -90 -16 -26 74 65 -5 -85 -24 13 20 106 155 79 76 81 144 -29 24 144 253 201 45 0 18 55 152 -22 119 -91 85 -194 -119 152 -193 -123 92 93 187 -69 103 -116 -9 0
CC 53 -43 -36 -7 85 -21 -82 50 -95 -10 -67 -63 -18 -51 95 -70 148 136 -30 173 182 123 29 190 -42 115 -37 25 134 -5 278 -56 -196 -155 -185 -6 82 -68 170 -36 -194 91 -14 117 -77 -145 104 49 0
CC 14 -16 -52 -93 -2 -64 53 -23 32 -63 -62 50 -97 9 -8 6 47 119 88 -63 61 37 188 114 164 51 -33 163 17 82 163 165 -40 -100 106 -169 -138 102 -146 -148 36 -150 35 -30 -89 -59 157 -190 0
CC -92 -37 15 3 6 41 12 -77 16 -75 -65 -15 19 90 -76 -62 20 104 41 18 59 196 170 -58 128 95 114 179 80 255 -5 102 97 -166 -81 -167 14 128 194 -133 190 149 13 -45 -19 -52 -199 -44 0
CC 18 -36 31 -27 74 88 -5 -72 76 29 -63 4 43 -7 -86 -34 94 15 151 118 207 106 84 8 132 75 54 185 108 83 -21 -29 67 86 -50 121 100 -106 -45 72 -105 60 -64 -60 -140 -43 -158 -188 0
CC 12 -80 -56 40 -100 -12 80 92 50 44 57 -89 -3 91 31 89 64 0 -48 177 74 19 254 111 236 96 174 48 178 164 56 203 -98 134 142 140 57 191 -192 98 115 72 124 -44 164 -99 28 11 0
CC 32 40 90 6 30 -45 -89 28 81 -91 72 9 -34 60 -41 -25 78 79 231 91 224 112 -83 225 210 -21 74 103 50 202 32 103 137 156 -58 147 16 105 -114 112 -63 -197 -150 41 182 -181 166 123 0
CC 80 -81 31 -80 -76 -74 -33 -99 -80 38 -38 44 75 84 -86 99 171 -62 184 82 11 122 -19 76 -46 100 4 105 219 249 103 266 -118 -121 8 30 32 -74 -37 105 178 58 -98 73 -174 141 28 176 0
CC -23 -60 -2 -72 -61 41 66 45 -14 -34 94 85 -45 60 -22 -61 11 -25 5 74 99 97 97 212 120 99 256 88 56 141 98 -48 191 118 -96 166 9 -178 -33 84 -127 -8 26 -187 -180 -34 126 -66 0
CC -38 81 -35 -10 -18 -40 -27 -55 -88 -10 -75 43 -24 -4 -52 15 142 206 128 171 157 73 93 25 23 140 89 140 90 0 -14 65 -34 -67 67 152 -85 -130 -77 4 -75 138 118 195 -90 -109 67 -68 0
CC 85 8 13 90 28 99 46 -43 48 67 -49 4 41 -11 87 -98 208 177 146 265 180 194 170 -23 68 155 24 138 240 178 156 -78 -148 -115 -4 -102 15 112 27 183 22 24 -52 69 154 129 82 129 0
CC -33 -6 -23 -49 -24 76 97 51 -68 14 -56 -51 -25 21 -93 66 134 18 101 -5 23 227 141 184 5 41 38 137 -7 42 -44 91 53 25 46 134 -41 93 -108 -119 -97 -77 -110 -134 -57 -13 34 138 0
CC -88 4 38 93 16 -93 -75 68 7 -6 -68 18 38 -69 4 -77 86 129 196 117 36 -23 70 86 32 137 39 182 92 -22 167 45 -66 20 93 -80 167 -93 -123 -101 148 -74 -148 -22 88 64 -163 107 0
CC 30 -92 -41 -93 -15 38 -32 8 72 -91 -32 -28 -6 -55 40 42 178 24 135 -23 39 210 79 102 222 82 24 -12 69 -21 160 52 -196 22 199 94 2 -34 20 -181 -18 105 -195 121 -151 119 -27 -102 0
CC -40 -68 -49 -67 -10 -5 69 -82 38 -37 61 22 30 -60 23 -85 38 70 13 -43 82 160 80 -25 187 54 212 157 216 111 85 72 161 -145 158 -117 -109 -93 -18 17 89 -101 -71 67 81 105 -2 115 0
CC -26 -43 -74 -33 18 99 -82 -1 -95 -97 -30 48 -64 -28 -100 82 52 54 113 -31 182 137 38 159 -59 -94 47 134 48 103 -51 130 -122 135 -164 127 -170 -35 103 75 137 -154 -75 -26 -87 -85 31 -178 0
CC 0 -97 -22 67 66 -9 -83 -18 97 81 -97 -3 52 95 93 17 66 69 149 193 262 135 49 -13 254 220 94 192 77 240 204 171 142 55 91 -154 -77 -38 -126 158 -193 8 -126 -8 -85 193 -11 86 0
CC -69 -43 -85 -77 83 -91 -98 -31 -37 -48 -10 -39 -16 -83 -59 -44 54 -38 69 58 221 97 -6 57 -4 54 123 152 -10 98 105 130 18 -177 180 -128 -185 -38 140 -115 -52 102 -23 182 -64 -176 -38 102 0
CC -81 59 96 44 98 75 9 97 -79 36 -62 85 -80 -11 -88 16 47 256 108 61 205 243 14 271 88 59 132 190 21 186 107 138 195 35 68 -29 -96 -105 -146 -165 -48 -122 -194 155 168 -15 -156 -35 0
CC 64 70 -95 9 87 45 1 -79 58 54 19 -59 37 -100 -61 -76 247 203 59 51 120 63 40 1 150 214 95 -13 41 13 40 -30 -30 96 63 -162 33 90 192 -59 137 11 -53 80 -14 -171 -186 32 0
CC 14 -42 -100 -11 0 99 -21 -82 99 -87 97 -79 -24 76 -64 24 113 30 82 126 8 149 166 58 230 68 118 1 56 245 -43 197 -177 -145 -53 60 -64 -65 139 -148 -95 -48 -197 -124 -142 147 156 6 0
CC -89 2 55 -88 16 20 48 58 6 -86 72 17 55 -25 51 -100 -37 72 76 -54 48 25 129 67 203 36 157 205 150 82 75 -4 -55 -163 168 -125 97 -71 -39 82 55 28 -167 55 -123 111 95 -100 0
CC -19 -58 -24 31 60 93 -100 -23 41 -64 37 -29 -86 7 22 -77 25 96 -12 57 258 161 75 27 194 41 223 151 -30 195 122 -32 -66 -57 141 -185 -100 -160 135 43 19 67 -89 -183 -170 -192 7 27 0
CC -85 51 46 65 -68 -5 -36 -6 3 -38 -59 95 99 -39 -23 -69 -40 174 110 117 121 7 143 80 12 146 140 245 147 -26 174 -25 2 -196 -90 -185 2 134 191 -21 79 76 -79 44 -140 65 54 -181 0
CC 65 56 -13 18 94 16 12 25 90 96 -85 65 -50 -5 25 6 174 211 -3 90 159 76 24 98 240 229 14 72 -3 160 137 186 -2 84 93 29 29 -69 -20 -55 95 139 0 156 118 191 8 -131 0
CC -63 69 15 -90 1 -46 62 -20 -77 -68 -47 34 -60 -51 92 85 -19 238 126 -30 76 -5 105 118 -62 53 64 114 87 58 255 102 81 -46 -143 -58 -159 -199 48 -35 -171 -191 54 175 87 -53 174 167 0
CC 86 86 4 -15 -5 1 -24 15 -38 89 8 19 72 -60 -70 -17 217 97 191 4 67 159 126 15 154 218 76 25 182 136 -27 127 -190 101 116 -10 -99 -67 -167 -58 105 74 -195 -31 156 127 -49 -91 0
CC 69 -98 -4 -98 -72 86 55 -37 90 41 -98 -39 -75 80 -35 -82 241 -10 98 -7 -72 157 250 -2 156 142 -76 -15 46 155 20 -41 59 11 3 -115 153 159 22 170 -187 -91 81 169 -128 -85 -133 90 0
CC 78 -100 70 35 -56 25 -53 -29 86 -94 -4 82 -45 94 38 53 226 -89 223 81 -8 87 34 38 219 9 29 267 62 136 76 169 85 121 -61 -8 15 39 112 139 -5 36 -15 148 54 -100 101 163 0
CC 45 -43 97 44 32 17 -82 -28 24 -75 88 42 64 -30 -68 -72 208 -9 269 222 107 26 -18 -18 172 -21 287 50 221 71 -34 31 -198 21 106 10 43 -19 -112 83 -79 37 -48 138 -89 41 68 -123 0
CC -91 -51 32 -46 -57 48 -14 49 91 -41 -11 34 42 -2 -40 -79 -18 94 102 49 -21 178 32 166 192 88 79 174 114 76 34 -57 93 55 -44 10 -39 169 127 -20 14 -130 -57 41 -89 158 -54 29 0
CC 90 -31 -50 -84 -14 82 -77 -14 96 43 72 99 92 90 17 -13 150 -21 103 80 39 222 5 118 288 56 227 124 119 133 99 51 -125 192 -154 -73 -182 -90 134 165 -161 13 -175 187 140 -95 -90 50 0
CC 97 -16 -51 -12 -47 -22 -34 58 -37 74 -76 9 25 34 55 -64 184 109 70 4 93 118 50 132 106 105 104 73 138 187 61 -27 132 -136 -192 -179 129 -94 133 128 10 -174 -135 190 -88 -72 69 9 0
CC 42 -25 56 18 45 -90 -99 -35 93 -86 -77 -32 87 -50 -5 21 97 -12 85 21 224 -2 -85 65 148 6 109 30 257 38 28 217 93 -81 62 93 74 -110 4 -43 -84 -95 -88 -75 -94 109 -159 -119 0
CC -88 68 25 93 -50 62 -12 94 -44 -51 30 78 25 -20 -21 -35 61 82 184 267 99 80 145 253 11 77 170 186 211 111 161 109 -153 147 3 47 -15 199 169 58 -157 39 188 -46 -86 -112 37 -193 0
CC -36 -66 -56 -13 -21 -81 74 -12 76 65 25 -58 18 -98 -86 18 148 65 83 175 97 15 248 42 210 216 40 -57 63 -13 78 201 117 76 -117 -188 -48 13 151 82 -184 -39 145 28 -33 -45 74 -78 0
CC -17 -66 -31 -15 98 44 72 -8 -53 21 96 -8 95 84 24 -68 140 -21 142 76 114 54 200 74 -5 140 98 181 105 131 70 74 -104 151 37 140 155 -91 154 39 155 139 48 46 171 -138 -170 40 0
CC 41 -53 -13 94 33 34 80 51 66 96 89 10 -35 -79 -4 74 107 105 -7 173 108 202 195 151 90 152 238 207 1 -49 112 124 -79 -45 -196 -77 77 -182 -172 76 -126 16 -118 41 -153 -74 -46 122 0
CC 44 25 53 -73 -57 25 66 65 -56 98 -28 9 51 -83 -9 15 74 158 152 -25 -20 124 182 155 130 210 29 191 138 31 148 49 -163 89 114 122 -176 21 57 -161 155 -43 -61 73 -76 -28 -39 12 0
CC 36 45 85 -8 -50 89 -86 39 -37 77 89 -30 -59 99 -31 48 37 163 247 152 -18 183 -41 101 116 98 246 73 -19 231 151 172 -71 19 -43 70 -121 -187 100 14 123 157 -90 -171 -9 152 136 30 0
CC 61 -87 -73 50 -41 70 99 42 -54 83 -87 93 -18 -71 97 -25 199 -10 20 120 18 200 270 164 137 174 -83 110 178 27 255 103 27 89 -5 -184 125 -20 -180 -95 87 -37 -98 -69 -176 46 58 -12 0
CC -45 -72 33 72 36 90 21 -2 -4 54 -6 58 44 21 42 68 34 -51 101 75 52 99 65 23 171 104 51 143 62 164 73 89 -89 34 177 69 25 43 191 90 48 128 -41 132 -200 -45 124 133 0
CC 63 6 96 96 -24 -65 68 20 -24 -100 -15 67 -74 -40 44 -63 157 150 137 243 18 -65 212 37 136 -20 180 168 24 6 167 95 129 -93 -166 -116 141 -173 197 -108 -77 -56 -9 135 128 -124 -82 -130 0
CC -84 66 -42 34 -22 -79 57 -15 61 -69 1 -33 -49 94 70 40 -6 217 -15 213 -6 104 218 6 178 86 124 56 51 128 134 126 14 -169 -57 -177 18 72 -30 -184 -109 50 80 31 10 -11 -194 141 0
CC -88 34 3 94 96 -23 8 19 -40 -82 12 67 -57 89 -58 -33 -45 114 197 271 175 75 157 163 26 -76 31 172 -49 244 93 -5 -145 -124 194 -99 -176 -134 166 0 -136 -50 145 -22 -76 101 132 -169 0
CC -15 -49 -49 -33 70 15 -55 69 -77 55 38 19 47 -58 43 -85 74 111 123 158 173 85 10 124 20 171 39 23 54 17 88 27 -20 -124 -58 -99 72 177 186 141 -156 25 66 -174 198 -11 -156 -86 0
CC 44 30 -77 -80 -55 11 -11 -61 -71 -75 -8 -76 -89 99 4 63 202 109 25 -22 141 78 156 -52 33 44 55 70 32 192 142 64 180 187 36 105 106 -137 70 -103 -58 55 -35 -156 -53 157 153 -27 0
CC -74 -4 46 -12 -5 -88 -43 56 13 -82 43 -17 36 41 69 -39 16 126 157 76 175 -84 124 223 84 -48 103 92 91 136 212 116 140 -99 -195 76 -109 -11 -137 -44 47 48 -109 21 84 172 -95 109 0
CC -98 -35 -78 -31 -31 60 33 69 42 -53 8 37 81 -51 3 -83 -86 85 -45 -27 116 91 152 130 224 -10 206 100 118 55 179 5 -123 -156 -133 -98 -86 -177 30 -74 21 176 -59 -139 -105 -101 46 -171 0
CC 93 -77 1 22 -1 -60 -47 48 99 98 79 -20 94 -9 83 -27 115 114 86 106 192 70 17 113 267 283 257 134 149 121 264 146 149 162 144 140 -110 -47 -9 -151 177 -134 -112 31 -83 -47 146 29 0
CC -74 69 71 48 -86 -46 -14 55 8 -93 88 -67 -5 -23 -56 42 -48 196 149 124 -78 -6 21 133 69 41 200 -33 0 130 64 216 45 -90 30 167 -102 -148 59 -11 -78 95 122 49 -73 -44 116 -44 0
CC 46 -94 47 -30 65 -13 -12 68 24 -60 48 -8 13 96 16 49 58 25 227 157 192 99 147 104 104 115 169 119 88 193 78 151 143 -179 82 168 -119 67 72 177 97 -176 -12 -92 88 27 -46 18 0
CC -84 -60 -82 -33 -57 -68 -8 80 59 -35 -17 -40 -75 -30 -57 37 106 98 -48 -7 118 -49 124 160 256 111 98 115 50 115 131 57 -23 13 45 -180 94 -27 0 -103 -40 14 4 -85 -99 -72 55 -126 0
CC 10 11 60 20 -14 -9 58 -89 39 46 72 -17 -26 -86 -48 58 122 55 63 88 89 154 246 -78 45 189 77 51 3 15 140 89 158 -9 140 -162 153 61 -62 83 72 44 157 153 -43 -23 81 -4 0
CC -81 57 93 -35 9 -82 72 -19 -90 -57 -60 29 -71 35 36 -6 60 209 137 107 124 116 144 19 -48 -57 111 158 51 174 36 13 -63 100 106 -199 -194 -173 8 109 -151 -168 173 78 122 64 -21 129 0
CC -27 -19 43 92 77 50 -72 2 67 -2 80 33 -23 -37 -99 59 116 157 229 122 99 153 60 21 174 -1 155 141 28 159 74 134 -47 191 -14 186 158 39 113 -148 -196 -25 -82 46 -167 -185 189 -108 0
CC 98 -37 -33 -28 -53 18 64 49 16 5 49 -23 -28 26 82 -84 202 -31 92 148 103 107 182 230 199 99 94 85 148 74 177 -71 -24 -5 -98 55 82 191 -158 190 163 39 95 -147 -69 107 -137 152 0
CC -93 -98 92 56 47 94 -53 78 -15 48 -47 -24 -68 72 58 41 37 -19 288 109 50 174 52 261 102 182 94 119 20 268 153 130 71 -196 139 -166 -169 139 -133 -133 -85 128 -190 -110 -114 139 -106 127 0
CC -20 0 67 -18 63 73 -85 1 93 -13 -86 98 66 -1 -30 -70 116 67 171 -13 73 159 -15 43 245 80 40 276 211 179 65 -2 -168 -185 -67 19 160 -144 -56 -108 -13 76 164 -17 -112 -155 -145 93 0
CC -62 34 -74 -87 -59 -94 89 -71 -26 29 -78 86 -4 -94 14 0 22 171 56 83 125 41 190 81 -4 81 -35 263 0 75 25 17 163 -42 -90 -44 34 -188 109 -159 136 157 -7 130 13 183 119 -146 0
CC -36 74 67 4 -39 -46 36 49 32 -96 -42 -86 21 -97 37 14 122 262 129 148 79 58 36 208 57 30 148 30 57 43 190 21 155 -93 129 -66 177 154 -90 80 43 -140 -30 158 -27 -131 187 44 0
CC -80 31 -89 -46 -34 88 -1 -28 41 -20 24 21 -24 61 72 26 15 76 40 87 158 246 78 54 212 65 130 210 -24 67 96 38 44 155 133 -189 1 70 106 -2 151 -90 5 -198 84 17 -39 -81 0
CC 96 -46 -96 7 -83 74 29 -87 -70 44 -37 66 52 9 3 56 207 89 -68 116 -50 228 212 57 -1 239 106 215 205 69 32 59 -49 -15 157 -6 -100 -159 193 -1 -25 -60 -197 139 119 180 -186 -80 0
CC 97 91 42 -30 -90 -87 4 76 56 22 95 -50 54 75 43 2 229 188 170 -6 -3 -81 162 95 130 204 275 73 71 114 92 17 55 152 -179 16 159 108 13 -127 102 57 190 -113 167 -57 183 189 0
CC 62 75 -100 2 60 2 41 -39 -96 87 76 -25 93 86 61 -32 133 122 -96 80 133 126 119 -33 53 91 242 69 187 235 122 83 147 -34 -160 -177 -45 -170 -1 -161 -160 55 -121 126 -118 -39 34 -90 0
CC -2 -51 -12 -19 -12 67 -54 -20 93 80 -58 83 30 79 -69 -98 6 18 14 146 82 236 61 81 155 210 122 112 100 182 122 13 -59 147 -104 -148 -29 65 111 12 73 140 -51 170 196 -86 -192 129 0
CC -81 -17 -5 21 -39 -90 33 29 -57 -97 33 29 -25 -66 24 45 76 172 178 136 118 51 56 183 81 43 145 224 17 97 49 232 -156 145 -193 89 -131 51 -127 176 -33 78 -13 177 -88 -173 -16 77 0
CC 96 -31 -55 -87 -57 -69 60 -28 -49 87 -83 -30 -23 -77 -39 63 216 -29 142 -86 29 -54 102 49 104 185 -36 86 91 2 83 168 101 7 -55 38 150 97 139 103 -120 19 92 94 91 44 -118 50 0
CC -40 99 -46 -14 6 98 -56 -13 32 66 -84 9 -70 -43 82 54 25 188 46 66 103 265 -12 6 112 109 19 64 -9 105 88 210 92 -79 -126 -75 -28 88 154 33 -44 13 -121 -80 -187 45 142 -139 0
CC 94 49 82 -10 -44 -13 -93 72 -83 11 72 -70 7 -84 69 30 94 136 253 128 110 2 -47 175 -46 202 209 16 28 -21 188 36 -143 -123 157 153 -192 -185 77 177 -17 91 91 178 150 40 146 -38 0
CC 45 -78 51 -14 77 -32 99 1 41 -13 -51 61 76 -72 -77 56 211 60 207 53 269 -10 180 98 60 136 -5 130 248 -13 -41 161 -40 -137 52 43 -20 -181 192 55 -73 -67 99 38 -54 165 -43 179 0
CC 75 19 74 -47 87 -62 -72 74 40 -3 -71 -59 3 36 -30 -1 131 176 124 90 226 38 -43 131 121 34 93 24 12 99 20 39 12 -138 81 182 -172 49 22 -119 -131 -74 -18 -61 -59 79 -30 -178 0
CC 0 -26 7 77 3 -62 77 19 50 -28 -54 -50 11 -47 84 -21 69 169 142 262 169 -55 140 218 72 93 119 -2 118 37 224 157 51 61 142 -21 -57 26 -13 50 -100 93 162 157 45 -18 -52 107 0
CC -43 -56 -5 47 -60 54 12 9 -9 91 -2 -79 43 -61 -92 50 64 -30 123 199 139 55 124 126 44 223 139 106 123 119 -72 225 170 -78 144 17 142 -58 -150 -66 -126 -196 -88 -110 19 -77 74 -125 0
CC -7 43 -71 4 -40 72 -37 -18 57 -68 7 -53 -45 -31 -86 1 32 143 72 138 144 77 63 121 204 -18 150 -15 22 92 98 157 -61 -192 61 -55 86 -128 -96 -116 57 -16 -25 -125 170 -96 40 -154 0
CC 73 -71 14 23 7 -18 9 -21 35 75 -79 20 10 -53 -65 17 92 -18 25 66 109 131 166 5 75 216 -13 116 172 32 127 43 146 38 137 -13 82 120 188 -89 95 52 -177 29 40 35 137 39 0
CC -62 78 -11 85 89 64 93 85 72 -38 1 -99 27 -55 -43 36 73 244 90 161 139 186 125 164 138 98 127 5 172 27 -20 224 148 -74 -34 60 -122 -74 -112 -27 -83 -105 -18 148 49 -122 80 -198 0
CC -38 51 -24 46 93 76 -24 -22 56 88 90 76 93 -23 -51 -1 143 170 67 199 99 83 62 110 245 213 230 119 212 -6 -40 138 34 -135 -116 20 98 154 -101 -18 -195 145 79 198 -111 -157 -199 -191 0
CC -47 53 -13 -56 90 -31 -33 8 3 5 -34 13 -55 66 64 -45 -32 146 -12 133 221 76 20 138 135 36 3 203 -26 139 127 39 -153 179 121 198 138 -19 -147 -178 33 124 92 185 -61 80 -188 71 0
CC -64 -59 -36 -51 74 -34 -97 -6 75 39 62 -61 98 -11 63 -25 87 1 79 -31 160 118 100 157 154 173 185 103 126 67 67 -3 124 7 -109 74 111 53 82 156 171 8 159 171 87 -141 -54 -150 0
CC -20 63 -29 94 -98 14 -63 24 36 -66 -16 31 -55 -62 18 21 5 135 18 232 2 105 26 154 130 55 -15 147 132 120 154 71 47 -38 -7 128 3 119 100 130 134 -44 -67 -195 -196 -106 -53 -162 0
CC 93 -7 -77 57 -35 50 8 -36 59 -42 -4 76 87 -57 73 4 181 157 23 191 135 151 106 101 114 87 118 91 277 90 237 70 128 58 -96 -23 131 -153 187 -79 57 108 -4 -88 13 -101 70 -77 0
CC 3 -58 63 73 -19 -71 41 6 -94 -24 99 73 -16 -97 -50 24 177 -19 213 81 37 -38 213 21 46 20 199 167 42 86 -34 69 22 111 166 -153 -79 -112 78 -23 141 -192 134 -27 75 -165 92 -123 0
CC -88 -9 -32 62 22 -44 82 -91 -55 37 -86 -85 -69 40 -54 -49 50 36 -29 141 52 -40 170 0 39 207 96 -60 25 48 76 89 -151 16 157 153 5 100 110 -107 109 106 44 41 -156 75 106 62 0
CC 51 -87 6 67 -27 -30 11 8 83 -59 3 -94 -100 92 54 -2 123 -5 133 83 155 167 191 129 202 111 77 -7 46 205 241 7 -50 -6 -160 10 144 170 -184 -176 106 196 -131 103 -170 -2 -20 177 0
CC -32 -16 -40 18 15 36 -61 -79 -81 99 28 -63 -80 21 93 -57 88 164 124 175 76 103 -42 -68 36 114 64 57 53 24 211 -51 -43 30 -99 -128 98 137 83 197 -64 -55 17 150 -86 -177 -116 103 0
CC 81 -36 -87 1 98 68 18 84 -93 -8 47 -30 7 -38 -68 90 278 -18 102 141 166 174 144 131 100 28 64 4 206 63 31 109 -78 85 2 -30 6 78 163 167 37 -156 -159 12 153 94 162 20 0
CC -32 -68 99 -64 -68 -26 -62 91 -15 -100 72 -29 69 -88 -9 -8 105 53 228 109 52 116 -60 155 81 -14 178 109 158 -10 101 128 -102 -102 91 -121 49 35 -166 -65 -13 -194 144 -183 98 -129 144 -162 0
CC 27 62 -51 -64 95 -9 8 59 -70 26 65 57 -38 66 57 -94 153 180 104 43 175 142 80 143 57 46 212 166 73 213 151 91 40 104 152 -10 -103 187 29 107 -31 106 184 -98 -190 -83 -51 52 0
CC 45 74 -67 55 -87 97 0 -38 79 29 81 -42 -82 6 66 74 91 79 120 121 96 237 154 83 157 65 262 66 11 54 79 85 -76 160 88 -92 -193 -83 -172 127 -26 111 109 -134 -146 -128 55 147 0
CC -57 -77 50 -24 88 -3 64 70 94 -99 48 -50 -75 -22 19 -6 6 48 154 161 207 174 259 124 114 95 85 10 88 17 198 23 102 -177 -147 -111 -178 -118 -72 128 -58 105 -32 -107 -51 -65 6 -17 0
CC 28 -44 37 -21 84 4 97 -2 -67 91 26 -43 93 2 -94 -1 173 23 98 41 246 17 135 67 121 173 189 128 201 141 -19 178 130 -64 -43 103 141 -47 -132 60 39 20 165 -16 45 59 22 187 0
CC -96 -27 -15 24 -3 -86 99 -56 -44 -70 -83 -58 -11 24 45 78 32 0 -3 28 127 53 184 83 53 126 70 120 52 163 81 129 -175 94 -165 -131 -168 -196 112 4 -121 -189 -61 -34 -21 135 -183 157 0
CC 34 98 -98 -66 -55 84 3 -66 69 86 -5 -11 -77 -94 85 18 84 144 -44 18 46 180 188 -5 227 222 65 10 -54 -37 139 57 -6 -67 -169 -21 132 -90 -27 65 101 -96 154 153 -193 44 145 -7 0
CC 80 6 71 -28 77 -17 88 48 92 -11 -17 -87 57 -41 -3 10 174 134 168 7 160 155 235 201 183 -2 124 -40 75 2 169 17 -70 -9 150 38 61 82 -143 -133 121 -40 -146 -66 183 -181 -146 -174 0
CC 44 -98 -31 90 3 9 -56 -73 98 -48 -69 9 -8 -85 -50 -73 240 46 57 267 63 35 127 121 141 106 29 61 65 -69 21 107 126 31 122 -117 -175 24 43 38 -190 -31 165 -139 101 79 -109 69 0
CC -48 -53 -15 -53 68 34 47 -99 -68 -25 45 49 48 42 -10 -12 128 103 91 58 162 37 142 -37 -3 67 141 192 228 221 138 22 4 -2 -158 148 -2 -149 76 -108 163 96 -176 180 -161 150 -156 -1 0
CC -9 68 -88 28 -76 -100 33 72 22 18 17 63 -76 50 21 -64 124 202 78 70 111 -12 221 202 194 79 121 135 9 63 210 125 46 -91 -26 -182 115 -190 -9 122 70 56 190 -76 -157 85 24 -88 0
CC -54 89 12 34 91 81 -43 0 37 61 -74 -21 -86 -26 95 -79 68 135 132 72 198 104 156 102 60 72 -65 178 -23 123 235 -6 -147 -65 108 121 25 98 -65 -100 -159 182 57 -97 24 14 122 97 0
CC -29 58 -42 -49 -67 -10 94 70 84 -42 55 -48 -98 76 60 6 54 241 31 -15 -7 81 152 202 212 59 227 82 42 219 236 25 96 198 -27 184 -6 -55 -40 -91 2 -173 -90 -154 -81 -95 -34 9 0
CC -49 -89 -27 -25 -46 65 63 -66 39 -43 -33 34 34 -86 95 0 116 46 44 105 39 154 107 106 171 148 161 192 65 -28 207 29 -133 -200 128 -171 -47 -165 -73 -130 -2 -183 182 69 141 -129 -92 150 0
CC 35 -38 -16 -17 -48 -65 4 97 -32 29 -69 77 -5 -3 -9 -69 227 -12 102 158 -6 64 19 127 145 107 96 257 59 96 143 70 146 118 2 -7 188 -54 177 187 99 -71 73 -100 -182 -55 188 69 0
CC 77 6 -7 44 -27 47 99 69 14 -46 23 -92 -74 -78 -4 -12 120 47 54 186 146 197 296 164 152 123 121 64 -25 115 15 154 84 66 44 74 -161 -181 36 -65 -161 178 -26 15 -172 -77 -104 -1 0
CC -41 -53 83 74 53 27 -6 -26 97 -54 -55 93 89 22 -75 29 76 33 235 81 183 117 111 113 285 -26 32 228 159 66 74 57 196 -157 -67 102 -48 -92 -91 -97 -126 192 109 -53 -101 -94 189 -121 0
CC -62 47 -98 -24 -32 29 -24 76 -66 -77 -45 55 95 27 35 83 60 196 48 168 157 164 100 122 -43 76 146 145 140 148 177 106 -52 -160 180 -192 -105 182 52 -151 -2 179 -99 -150 149 93 -117 -182 0
CC 65 70 -81 69 48 -98 -96 53 -53 -18 -48 94 -14 -50 19 79 165 98 -19 107 141 -50 100 176 -42 176 111 223 86 20 189 251 -58 -60 164 -83 60 -98 -53 -131 -37 186 -162 -134 -119 -81 -36 -188 0
CC -18 81 -50 65 4 42 61 -58 13 -23 -59 -98 -62 -63 -22 -70 159 163 79 228 19 203 109 40 183 126 124 67 105 22 167 13 160 -164 47 41 152 -118 -18 -196 127 -149 180 -137 -56 108 -77 -163 0
CC -36 99 55 -18 34 14 29 -26 34 -91 -54 -17 -81 -24 -65 78 8 137 206 10 104 38 43 25 115 -28 74 62 -47 93 -62 195 85 135 105 -193 142 59 -21 64 -195 88 85 -77 27 -145 77 -147 0
CC 89 68 84 89 -70 -33 90 69 -75 -46 -40 -21 2 57 -24 -25 288 141 243 257 97 17 111 167 58 17 13 0 160 156 57 123 19 22 103 119 199 78 112 -171 -16 -98 -147 126 37 -195 124 175 0
CC 53 -82 99 84 -14 -9 -83 -94 63 -12 -37 -89 -42 90 85 86 144 -22 136 128 90 126 106 53 238 -9 71 37 84 200 233 125 196 46 180 -5 -152 -178 180 31 113 -139 152 -35 -198 -154 102 38 0
CC 60 -8 23 -64 -50 54 19 22 20 -77 -39 -60 67 -31 26 -9 68 6 200 -47 30 98 73 66 201 42 40 111 162 52 159 79 -173 126 102 105 13 92 18 -72 -172 -133 -125 41 18 36 68 64 0
CC 83 -99 -19 9 28 -97 -56 -85 -97 -77 -12 -94 21 69 84 -69 242 -66 135 138 170 85 45 85 -49 63 111 -17 131 89 232 35 -82 -38 -104 -185 95 -182 65 -51 -166 74 34 67 173 -146 196 -69 0
CC -98 -33 68 -97 -23 -37 -17 -92 -37 -41 42 75 30 -15 81 -100 2 34 90 -51 63 7 100 -6 -14 13 98 151 74 32 158 40 -168 155 3 -57 -181 -152 158 -70 31 135 -13 -145 -123 -125 113 -42 0
CC -100 58 -59 -28 -93 94 -99 -69 -42 72 -18 9 -77 60 4 -44 75 242 -12 30 -92 270 -41 74 34 148 10 148 103 112 15 113 -125 -86 137 -9 -200 -172 -128 -128 101 -7 169 153 -48 10 11 -61 0
CC -16 8 32 -67 79 48 -47 -95 67 79 -30 72 -83 38 -12 -81 143 150 32 105 85 164 92 -43 175 243 -30 132 110 216 145 -24 149 45 121 -50 -22 117 97 101 112 -130 181 -125 -125 0 6 -78 0
CC 36 86 -61 52 74 7 82 -43 -43 -84 38 52 70 44 86 -72 146 153 -26 218 110 15 259 73 113 91 102 54 111 189 157 106 -186 66 -26 -110 -158 -98 47 -174 135 193 -97 171 6 -28 160 121 0
CC -17 30 8 -56 89 -8 -85 73 -3 -90 31 81 48 -29 -27 40 95 152 139 91 175 182 76 178 41 -18 186 119 194 113 104 216 98 -34 -77 50 -134 68 62 -193 31 -39 74 -4 -73 75 113 103 0
CC 60 -78 82 -87 74 -100 96 -24 3 -84 -29 -12 62 -20 -78 20 251 39 96 -63 181 -11 133 36 136 -59 157 -4 204 135 4 102 -136 -78 -82 -10 98 136 34 177 108 -116 -172 145 111 88 -5 84 0
CC -92 95 72 -68 -31 -3 94 5 93 41 77 -49 36 -41 -44 -62 -61 202 82 -42 18 134 193 184 247 67 112 133 190 97 -37 -6 73 85 -29 196 182 143 85 193 -125 109 -60 -153 9 35 37 174 0
CC 81 -81 -88 -61 48 -59 -12 -50 -15 -26 -51 -25 -68 44 -66 59 131 27 -35 133 220 116 51 73 164 143 52 97 18 169 -41 125 26 157 -89 -62 125 -93 13 -49 111 167 -30 -170 83 30 2 129 0
CC -34 -21 82 -7 -39 83 -87 -52 -22 -68 61 6 73 72 -8 -33 73 136 276 62 79 228 90 21 85 -50 145 121 171 263 -4 106 -8 67 -2 168 23 -103 183 60 -115 152 59 -184 10 31 -99 -154 0
CC 64 47 -93 -8 96 -93 -77 86 69 -29 17 -7 -5 56 -17 99 216 48 -14 56 121 38 -20 267 94 63 73 148 157 62 138 261 176 -151 109 127 -36 -169 -119 25 181 121 -127 26 58 122 147 -169 0
CC 83 -36 -59 -77 44 69 96 -94 28 -73 -42 -50 -77 73 -37 13 221 40 -14 39 78 148 270 36 194 44 10 19 33 206 -8 164 -160 -27 198 -110 -102 -147 -33 -75 80 195 -67 -191 54 -29 -43 36 0
CC 18 -15 63 -57 90 23 32 39 -38 -81 -93 70 68 31 -88 -2 165 138 96 3 161 144 129 109 48 118 25 225 186 145 16 26 163 -155 -189 81 -67 -198 -135 150 180 -69 30 -65 -32 28 99 173 0
CC -48 17 -80 52 -65 -35 52 20 0 52 25 47 -61 70 0 0 64 68 -15 136 -21 131 186 86 30 180 158 49 -39 244 9 26 70 92 -22 130 -152 -45 -126 140 44 24 89 92 158 -6 -162 5 0
CC -45 -19 -79 -82 94 -17 28 -14 -20 -29 -24 67 25 -35 -15 -61 133 31 72 -27 226 14 50 178 72 115 128 100 32 142 108 -54 139 157 -12 68 -47 156 178 -95 -134 -107 23 74 177 -168 164 147 0
CC 95 25 82 -51 42 17 91 68 52 -32 -85 85 47 5 -44 11 182 150 239 -23 146 41 192 234 103 10 104 200 96 103 148 121 169 -38 -194 151 -97 -112 47 -176 148 107 -6 71 -172 57 113 -63 0
CC 52 99 -76 24 83 77 -52 -24 -15 99 -12 27 -65 95 50 -6 153 121 50 219 245 224 -6 128 145 123 164 202 86 122 60 133 -162 -44 160 -198 -8 -141 -92 159 -49 -187 115 -111 -33 -86 77 -24 0
CC 5 -87 72 -24 -11 56 97 65 -21 56 33 8 87 78 94 37 192 -71 125 28 130 76 104 220 84 207 89 29 233 100 157 57 -177 -73 -161 15 191 119 -178 50 -140 -200 139 107 -39 -35 -142 30 0
CC -44 -69 -19 -7 -55 37 96 57 -25 33 64 54 47 97 98 -93 125 65 147 67 104 104 102 242 154 101 189 210 236 131 178 -76 -162 -7 50 -199 57 78 176 198 14 34 155 -110 56 130 -110 109 0
CC -63 -86 64 78 64 20 62 70 -48 -6 -96 -76 -71 -87 -83 -1 -50 37 214 113 215 125 66 71 103 104 52 38 -41 74 -6 196 68 -147 -16 52 -71 37 178 13 -155 14 -21 -146 -196 -160 143 49 0
CC 36 -33 -20 25 -9 -30 25 29 21 -83 -34 -29 -70 41 62 -17 147 48 114 53 175 130 214 31 193 -12 125 -3 -12 176 88 80 53 7 -90 21 121 -165 -183 -22 56 5 -83 -50 84 -135 1 -38 0
CC -30 -13 -82 -26 -69 48 -1 35 52 54 -32 71 -71 -41 12 -23 -8 90 95 168 -57 83 65 42 173 58 -6 184 12 116 201 66 151 -94 -170 101 12 39 -151 -15 -189 -92 -118 138 -85 -139 -127 108 0
CC 16 65 2 14 74 -43 47 -86 -25 0 60 -13 72 79 41 30 156 141 182 100 228 35 154 33 158 60 188 33 220 93 230 228 -74 -115 -194 10 36 -98 185 -105 36 -123 18 -154 -174 113 19 -151 0
CC 84 21 -84 -96 -18 -48 -50 -72 -7 13 14 -77 -97 67 43 -53 229 180 102 -10 180 -11 112 21 27 129 114 -55 93 214 224 -20 109 28 163 24 104 150 -149 65 54 -148 149 -140 -154 84 35 -128 0
CC 50 53 -82 -75 -71 31 91 90 -74 -39 34 68 -52 62 92 -73 133 164 75 -5 65 191 254 172 -49 -14 161 100 -50 89 101 67 34 127 -86 30 83 57 -1 146 127 112 147 -189 168 190 -74 86 0
CC -16 -16 -70 10 -78 70 33 1 -9 -83 4 6 42 -96 95 13 67 57 30 171 -31 86 49 179 113 67 38 76 143 67 280 120 2 84 62 -161 118 150 152 -68 -59 81 -36 -10 90 3 -149 -181 0
CC -37 68 0 -59 -26 90 32 -78 78 81 -100 87 52 91 81 57 3 161 184 -57 32 206 90 -63 240 157 -9 98 163 195 211 130 -165 -35 87 -11 24 -154 -53 62 -200 -141 -100 193 -70 132 142 -142 0
CC -97 3 65 17 77 -71 74 4 88 30 40 61 96 46 24 46 -92 31 223 156 168 7 256 129 194 45 59 135 287 155 110 161 -132 35 -2 26 69 81 144 1 -69 4 10 190 -100 39 130 160 0
CC 79 23 -24 60 64 26 -32 68 59 -11 -51 43 63 -59 34 99 120 169 62 77 173 96 35 233 101 177 116 85 182 20 229 173 -58 67 -74 93 -88 138 -70 39 77 144 185 -117 -30 -13 -152 119 0
CC 37 -33 -42 -13 -69 -83 -48 -78 61 -90 29 -33 70 -32 53 -94 131 30 -20 51 -4 78 28 39 64 -88 121 78 240 25 94 -36 186 103 145 133 -148 95 166 197 -56 18 -135 128 102 118 184 -103 0
CC -47 71 68 -36 -65 0 80 -18 53 -11 86 11 53 98 98 -10 15 156 114 20 120 4 207 177 201 95 245 141 103 213 200 -8 -27 42 45 48 -60 -197 -27 183 24 -166 96 133 180 188 126 -70 0
CC -6 -81 -98 78 64 -87 46 -22 -33 93 23 33 37 -10 2 -27 176 -65 71 136 260 20 106 -11 -24 193 169 198 157 40 17 153 -143 -148 153 59 171 53 104 -29 -175 -173 -191 -23 -53 -43 154 -187 0
CC -22 34 -43 -18 9 -30 -52 47 4 -90 76 -98 -61 -15 84 80 104 39 -19 -1 101 -5 111 52 63 -6 239 -1 94 22 183 249 74 -163 -154 98 -156 10 130 -20 -53 -73 -194 -37 -13 -196 -152 -174 0
CC 90 -28 -95 52 -20 -62 -99 88 44 92 -82 59 -42 -84 6 -36 259 40 30 187 43 3 5 230 170 150 -33 132 36 -53 69 65 189 -54 -194 90 -195 103 -190 199 98 -180 -59 -190 -65 -178 -114 -49 0
CC 67 29 28 79 51 -56 -46 41 64 -98 5 13 -37 -9 78 -35 169 71 214 209 152 -44 24 127 209 -89 133 70 100 107 97 29 8 150 -172 -114 135 -39 39 70 85 186 40 -118 20 151 -148 -136 0
CC -74 -34 -12 74 12 53 -65 -92 59 63 79 -82 92 -38 -6 1 -4 -22 116 156 199 154 99 -36 245 114 109 14 276 72 17 177 -113 -27 -130 79 7 64 -198 -130 -110 -94 -24 140 20 102 90 191 0
CC 18 -28 42 84 -58 71 11 -16 86 -72 -81 -21 94 -4 -51 84 181 143 124 281 71 218 102 90 86 -19 90 22 232 70 66 172 -93 163 149 153 -17 -169 -33 -122 -99 -171 144 -84 150 100 -171 176 0
CC -85 82 -40 13 -6 -61 7 -43 57 86 15 35 -39 87 18 -79 66 117 -18 15 168 -8 54 100 249 214 158 161 99 91 116 58 68 -74 126 -21 151 146 84 -41 -172 -84 67 55 -171 31 -195 58 0
CC 68 -96 15 43 -89 -69 -14 15 -2 4 14 24 -22 -76 -50 72 112 -42 26 193 -72 83 -1 167 20 48 26 192 14 103 93 246 -142 1 -54 -126 170 -104 186 -10 89 -22 -177 -123 40 -58 -41 -89 0
CC -80 -93 49 90 69 44 73 -87 8 -33 31 59 40 -5 42 5 -68 34 226 123 169 68 175 -9 89 20 105 92 222 168 136 43 -124 180 -197 -153 -189 -69 -33 -101 -158 16 -172 107 -164 -130 -30 194 0
CC -64 -96 3 -3 13 -7 52 88 -90 80 27 76 -45 68 82 74 99 32 39 101 200 139 90 221 -15 212 196 201 135 145 272 109 -151 -73 -40 14 40 73 -145 -20 -126 -136 27 108 -56 0 -13 -114 0
CC -53 -46 -65 -39 -22 5 -87 10 10 -50 36 -88 -30 56 26 -35 86 33 25 -17 127 82 -2 63 45 -41 44 -26 19 167 215 11 124 -142 -115 -182 139 -136 -156 121 63 50 -11 -180 110 133 -166 112 0
CC -19 25 98 -87 -37 -96 -76 35 -80 -46 66 15 65 54 52 10 -7 147 282 -53 85 39 81 100 111 -38 155 29 229 231 244 206 197 -150 37 198 -194 20 -130 181 122 -32 -68 -146 191 -23 100 -13 0
CC 31 53 -14 -92 28 -39 -33 -42 -64 -12 -25 71 81 35 -3 0 52 161 66 42 81 129 53 -2 81 -5 65 114 210 124 15 31 144 -190 153 -38 51 18 182 -88 -96 -147 -126 134 -186 100 105 -126 0
CC 18 -47 65 -31 22 48 -66 -100 1 -94 -68 44 -99 -98 -89 11 116 62 210 2 82 79 99 -48 102 -93 52 217 -9 61 -55 145 112 -96 49 9 99 -57 -128 114 132 -37 13 -78 -181 4 -136 48 0
CC -46 -22 92 -24 91 57 -21 -49 -45 -28 20 -15 2 -80 39 31 123 99 114 157 256 119 42 16 32 160 214 9 19 -35 76 225 -187 -135 -34 -81 39 164 54 166 152 86 -193 129 103 36 2 -136 0
CC -5 2 -32 -80 -42 -34 47 -50 -13 -59 -43 36 -68 -94 -29 79 20 78 52 76 34 79 62 137 113 -2 62 195 111 105 -20 154 79 144 173 113 107 132 101 -102 87 33 -141 -113 -29 127 155 20 0
CC -37 16 -86 2 -13 46 86 57 -63 44 65 -100 75 -72 38 6 137 41 26 107 149 144 168 145 97 135 171 -78 263 -30 168 34 -165 22 -99 110 -185 -74 105 -144 -134 93 68 93 -43 -138 176 74 0
CC -68 38 94 -88 6 26 71 -20 42 18 44 -48 -51 10 -38 -28 -54 162 255 17 76 49 221 158 110 192 51 49 -8 66 76 12 156 -3 -91 152 -142 32 20 15 -55 173 -12 -88 -175 82 105 -72 0
CC -44 -23 -56 89 14 2 66 43 -74 31 -89 -59 -99 81 84 46 -33 68 129 144 165 5 71 158 56 185 -78 -19 -15 154 271 88 30 160 -172 -197 162 59 -98 158 -128 64 -173 118 55 62 13 169 0
CC 57 -40 70 95 -41 -13 57 65 -73 93 14 -60 -67 9 39 80 217 64 152 108 -17 4 227 216 15 279 158 96 11 82 124 204 -74 193 123 78 -159 81 165 190 129 123 -116 140 -26 187 -37 -68 0
CC -39 78 68 -3 73 -91 1 -25 -38 77 9 -89 68 -38 -6 -78 -6 276 246 120 110 -62 15 98 -24 223 16 48 173 117 122 11 102 5 93 -168 -72 84 114 140 25 101 -66 85 15 -110 127 -92 0
CC -42 72 -36 -59 42 -71 -34 -19 71 -50 10 84 34 -1 62 -68 148 137 43 -3 159 57 14 91 227 80 150 149 163 170 127 -22 74 198 -36 -89 -130 -192 65 -180 100 141 -69 -4 -125 83 0 -120 0
CC 92 -42 -70 -17 -76 56 52 80 -85 -84 -4 77 69 -31 -49 26 204 103 -2 53 56 173 55 134 -69 -83 189 128 103 86 92 123 -71 -9 100 30 -77 140 -131 -8 10 56 -79 -134 -113 -43 42 159 0
CC -34 -12 -20 -10 -1 -80 -62 25 -65 -23 88 2 -77 61 -1 83 -32 122 129 155 13 63 50 158 72 40 170 172 -75 154 143 247 114 169 -63 -62 84 -65 169 -114 180 77 31 165 -85 -168 -2 94 0
CC -29 92 -69 -89 -60 -28 89 -44 -59 91 -15 -56 -12 -31 -35 -4 -27 172 46 55 24 158 99 79 115 249 166 69 144 88 77 132 -42 -108 -19 -4 -122 48 -149 -104 40 -44 110 190 -143 -199 -163 24 0
CC -4 -1 95 87 -5 -94 96 -94 59 97 -79 59 -80 -45 -99 -21 121 133 270 253 47 2 232 -89 81 167 88 125 -66 108 -50 34 186 61 -165 145 -74 -148 -40 -168 144 -120 157 -109 -134 185 37 -115 0
CC -17 96 -72 72 -96 61 -47 -29 -44 -55 30 3 -19 -66 -43 99 -14 105 97 238 43 111 23 48 -14 7 175 144 102 27 54 110 -179 -22 -200 71 190 -144 -130 -24 25 -120 -117 93 14 180 -129 -79 0
CC -45 -22 -46 -21 11 46 91 -95 37 -92 29 -28 -55 -100 -83 31 19 113 98 168 131 221 100 -52 89 -41 87 60 87 73 -47 214 143 -180 3 17 -38 -144 129 23 -128 83 -101 187 131 -80 -8 -32 0
CC 39 -31 -56 16 52 -97 90 21 94 86 6 -17 -93 83 62 -100 213 101 13 94 59 -65 119 50 292 215 75 121 89 133 216 58 -23 -28 176 -173 37 126 -180 194 -18 165 92 24 -107 123 83 115 0
CC -22 -2 -56 -73 44 -64 -40 6 -71 12 79 -25 -100 -25 -20 53 126 20 -40 81 105 32 64 45 -69 166 263 57 -21 81 -18 92 144 -75 123 52 73 163 97 -52 -146 12 -87 -65 103 -143 118 -185 0
CC 17 -86 14 69 33 -54 33 -64 -54 64 31 -98 13 77 0 -46 68 71 201 120 64 4 92 22 112 136 172 9 35 220 28 -19 -129 -90 -136 -30 154 -11 -132 -74 128 -33 19 -72 67 -81 102 160 0
CC -57 11 -63 18 -63 -44 37 56 -25 29 -58 65 75 4 4 -54 103 160 132 129 -20 1 147 96 115 223 132 118 118 165 202 -47 171 10 -24 -152 -59 -151 23 166 -54 -27 -66 35 -18 93 -112 -114 0
CC -5 18 -64 82 56 -58 -71 -89 -44 45 83 31 20 -100 -73 -56 139 118 64 91 59 111 25 -89 61 196 129 147 172 -14 121 132 196 -12 -72 -125 17 70 113 74 25 -168 -72 180 -92 70 -127 -6 0
CC 15 80 -45 -20 -36 92 72 -67 3 28 23 66 -91 58 -43 7 32 260 -8 114 81 140 192 54 151 173 35 258 -44 137 100 142 -109 91 148 -101 97 -187 117 4 -50 139 -92 -111 -122 12 -119 -119 0
CC 20 90 94 -4 -65 -4 37 -85 79 -40 -7 -5 22 -2 70 -45 128 183 290 120 134 161 212 0 221 -39 115 107 80 152 212 145 -198 75 -25 120 -68 125 124 156 -101 187 -153 140 136 -188 164 129 0
CC 80 -44 -88 -36 -49 -50 90 -22 -58 -94 -12 -4 90 78 67 -21 207 98 -15 49 129 24 286 24 -41 -22 -8 8 115 167 159 121 -144 93 -164 -11 -89 175 185 92 -166 176 103 -3 70 -45 133 159 0
CC -94 92 -16 -30 -54 49 -2 68 23 -92 68 -72 34 -42 57 9 -10 254 -12 -19 -3 196 135 183 106 22 188 40 182 -24 121 174 -92 -46 123 147 -49 164 -59 182 26 -32 -148 -34 -30 133 -16 -68 0
CC -75 18 0 26 -54 -50 -84 38 -76 -92 -8 -34 -97 75 -39 -33 -12 201 58 93 133 -35 65 197 41 86 147 39 28 126 10 66 -179 137 -180 134 -194 119 19 38 54 20 35 19 77 96 83 50 0
CC 38 58 96 -98 -78 -90 81 -42 7 90 93 45 -92 41 -49 17 105 63 125 92 -44 10 184 -12 98 249 190 100 -89 47 131 159 152 -89 -20 110 -135 138 63 -134 67 -34 33 -9 -180 -38 197 49 0
CC -93 -77 -59 9 -73 -87 -96 76 39 -12 37 -58 78 -95 91 -74 30 57 -18 192 103 -14 -14 99 65 83 140 20 197 85 99 -53 -47 183 -173 186 -117 -109 94 -148 185 127 -149 -15 26 -191 -62 11 0
CC 17 64 68 53 -19 32 17 -5 -44 94 -94 -49 -28 19 -39 -89 42 217 160 233 51 144 107 90 -6 159 40 49 -9 191 14 48 93 -132 47 -58 197 -125 147 127 -113 108 85 -161 -117 -184 -114 198 0
CC -14 -67 13 -100 -39 46 37 73 89 -25 -27 14 -97 78 70 -52 -8 34 123 4 71 208 223 178 207 104 141 167 -31 97 150 -26 -111 136 175 -8 126 -23 -4 168 -26 -89 70 -77 -167 -62 0 -86 0
CC -75 -79 42 16 79 -51 73 -94 -4 -3 -89 12 -31 45 3 -72 41 10 120 121 209 -6 121 84 96 145 85 159 58 50 140 114 100 5 76 5 125 79 145 -36 196 -25 91 132 162 -133 -3 194 0
CC -41 57 -27 -30 -55 -12 -80 82 -99 50 45 39 12 36 9 -92 70 175 -13 33 20 127 -72 188 62 191 46 149 195 89 59 46 42 172 72 -27 99 -154 -64 93 30 -31 80 -50 165 -20 55 146 0
CC -45 43 88 71 40 -80 71 -12 -32 -24 -78 29 -6 -80 -60 -88 113 135 181 115 181 0 263 117 158 175 -72 130 83 -20 -60 85 107 -187 126 -181 20 82 -134 71 122 -140 19 63 109 -47 -154 126 0
CC -5 13 84 6 19 -10 53 -38 67 -87 40 -89 63 -43 51 -50 139 197 88 86 122 174 132 13 110 -31 143 79 215 -32 133 122 -129 152 -58 -107 99 -200 90 -98 -97 -124 -28 108 112 193 -152 -168 0
CC -97 -55 47 -98 -70 -98 -38 75 68 68 -100 -36 79 37 4 25 28 85 154 -25 -57 78 53 223 167 170 -43 66 80 41 38 214 111 115 -42 -186 -131 -163 -58 105 -13 159 36 -24 36 -91 -78 50 0
CC 63 -43 14 1 -88 -100 77 -87 22 96 98 -9 32 -75 24 28 114 135 160 67 -21 -17 139 64 77 277 194 96 51 -3 108 64 -59 41 93 -53 4 58 -141 -137 50 191 -158 21 -81 -62 -195 88 0
CC 86 -54 -39 11 2 -3 -30 41 -21 -64 -24 78 84 -55 -61 29 99 124 13 11 200 86 -8 240 103 -60 167 267 86 11 59 198 -98 -147 -139 42 -110 -5 -186 -114 122 -42 -76 -98 -93 107 -94 195 0
CC 24 -10 76 -50 60 -16 39 -54 5 -89 59 -20 -99 50 52 -52 63 123 88 -49 137 40 79 -17 81 -84 140 151 48 199 161 94 -31 -79 197 -199 144 85 88 -46 26 -4 35 168 133 -66 -189 -181 0
CC 34 74 28 54 50 38 -42 43 -71 -59 -88 -76 -76 1 34 -51 71 109 168 158 113 181 55 90 80 -59 -2 -16 64 47 183 -12 11 48 76 -119 -38 -67 -168 -67 -5 93 -70 -83 9 -87 -72 -176 0
CC 34 19 -48 99 -8 -78 -9 1 -86 43 67 -60 12 36 12 74 131 212 -26 114 20 -74 171 34 82 212 122 114 191 214 83 119 121 -80 24 24 62 74 -186 -140 -39 0 -102 -109 113 129 -91 113 0
CC -52 -86 -25 88 89 -61 30 95 -24 37 -98 -52 27 26 -54 -79 85 104 -21 187 107 -51 153 154 148 135 1 61 167 155 64 78 45 79 199 168 23 150 -119 -141 -118 128 -183 7 -37 -185 -15 -52 0
CC 23 -96 -36 46 -74 -57 -98 66 33 18 -34 -11 72 30 -65 91 62 90 -21 198 81 -54 -16 74 39 45 117 144 243 100 31 183 -129 -118 -194 -95 4 69 -190 139 57 -34 5 -57 158 -89 -134 -179 0
CC -39 -77 62 71 -11 -6 89 48 -41 -23 -50 5 20 41 41 -55 55 -65 207 87 23 118 137 178 77 38 72 150 79 223 112 62 103 -137 -179 -152 151 59 30 100 149 -159 87 -100 -3 165 -200 76 0
CC 4 -14 39 -12 -19 68 -80 -82 83 35 -89 -61 -54 22 -40 -27 111 41 105 131 174 118 90 29 87 84 64 -21 77 193 12 145 -124 6 124 -14 -140 158 -31 -48 -177 141 -200 55 121 16 161 11 0
CC -69 -100 4 -20 -79 73 80 -47 -31 82 93 -22 22 22 24 28 124 63 102 14 118 110 163 110 -13 173 167 4 153 33 208 137 -67 44 -200 50 -197 -5 78 49 -99 -126 19 182 -120 -134 64 101 0
CC -25 54 -97 -43 -17 2 -64 -32 35 51 -96 40 85 53 -89 44 64 196 -86 102 121 18 26 132 124 220 100 190 191 168 109 96 136 45 15 58 132 -89 -6 5 141 50 -109 33 196 -59 -169 -1 0
CC -45 -51 -94 -1 1 92 77 73 14 45 44 85 90 89 -96 20 43 57 101 145 151 134 257 206 158 85 139 181 144 194 62 170 -111 -195 46 -185 -36 66 -28 39 37 89 129 -162 33 132 82 125 0
CC 87 11 51 88 -70 59 49 35 -33 1 -74 -17 -75 60 -13 9 214 63 217 151 -63 251 184 159 47 2 66 34 -73 203 160 93 105 190 -66 -25 22 -129 77 183 -59 -156 123 -24 -106 -42 -83 -138 0
CC 32 -90 45 -62 -66 58 -14 32 -10 -92 -30 -81 -56 1 60 10 218 31 185 -21 -46 161 115 73 118 97 92 3 -27 68 114 22 197 -127 105 -142 198 2 4 -53 72 -91 -105 168 -92 149 -79 25 0
CC 12 -31 68 93 2 49 -31 77 -22 -100 77 -65 34 13 -67 -24 62 151 93 126 57 75 -9 200 13 46 87 14 34 206 28 172 -94 99 27 168 -110 126 155 -25 29 193 -157 177 -198 -13 42 -180 0
CC -98 58 -15 14 -41 -46 -69 86 73 68 88 83 49 -46 54 68 -33 252 57 38 112 142 5 225 246 117 139 244 95 66 225 93 -158 -34 153 99 -138 93 93 86 133 -119 146 92 165 -59 95 -165 0
CC -39 7 45 -69 12 -89 3 -80 62 -91 96 -42 -88 -10 -82 49 18 202 213 67 89 -29 164 -65 183 -2 199 120 19 128 -31 111 -138 1 126 -73 131 -108 91 -197 127 -48 -39 156 -123 165 -158 54 0
CC 93 -16 -60 19 -29 85 -7 70 36 30 85 52 -13 44 -58 95 210 122 40 80 28 153 73 240 176 119 168 171 98 74 -4 286 -185 183 -144 98 1 163 22 -39 -36 -22 -105 33 85 -54 -44 -176 0
CC 10 32 -7 -91 87 -17 16 -98 0 -44 -20 -12 -33 86 46 42 94 39 88 -66 249 50 170 0 92 43 177 70 142 223 170 49 56 178 -81 8 43 -85 26 -191 -137 -146 90 -103 -56 -78 84 -49 0
CC -91 87 96 -89 -35 8 57 2 -76 -40 64 -78 30 79 -80 -42 -15 165 226 98 -16 116 184 115 -65 65 178 24 128 141 47 145 -142 -44 49 -112 -162 120 47 184 -91 116 144 22 105 -108 63 123 0
CC 78 -75 -90 -29 87 32 6 -89 -45 19 94 -55 60 -61 -76 -25 223 -28 -67 54 134 101 6 42 58 180 185 14 139 89 13 148 50 -85 -73 184 99 153 51 65 -7 -20 77 124 147 31 -170 52 0
CC -72 -69 -3 -58 74 -48 76 -24 -41 -59 -7 -3 37 28 -68 80 -40 126 0 16 142 65 102 -7 152 9 41 77 166 199 29 229 4 -113 191 104 -4 65 -104 -2 -161 165 -51 -56 99 -27 194 -93 0
CC 97 -55 95 87 4 -47 49 -51 74 68 -72 13 68 69 90 -41 175 51 260 93 56 54 87 115 225 151 -39 43 94 234 159 81 -115 -145 -152 69 69 101 30 -47 51 152 182 88 5 12 -184 117 0
CC 61 91 45 48 -48 -65 23 29 -7 9 78 34 -91 86 -53 41 132 163 92 63 -5 44 52 227 133 9 239 138 -42 235 -51 78 156 -126 25 -139 94 -76 -98 67 -64 58 82 -94 153 -79 116 25 0
CC -82 20 88 -24 35 69 -25 81 2 70 48 55 -36 62 -88 -77 30 61 174 123 161 129 -4 89 57 219 167 94 143 118 55 35 7 157 -102 -102 11 115 -83 66 20 -191 122 -85 -198 149 27 -112 0
CC 39 -44 -26 -5 4 78 -6 -52 97 -75 -35 26 48 77 55 -48 178 28 148 92 49 230 10 127 240 92 23 140 188 112 147 22 61 69 -123 178 -103 -112 68 124 -181 -69 22 95 -179 -82 115 -133 0
CC 40 60 -16 3 86 61 -92 -71 0 -85 -17 19 34 -8 70 5 156 224 98 94 242 95 42 40 66 -15 146 94 194 7 224 72 -116 -185 158 -75 183 -151 -10 -23 -179 -156 160 -123 191 82 -10 176 0
CC 7 -3 -74 -100 -56 -96 -67 -76 6 -4 -27 36 10 3 67 -3 82 53 34 -24 55 -66 97 -68 184 32 116 228 28 21 81 168 111 -178 41 63 -22 54 166 -67 -161 106 133 -58 50 -74 37 19 0
CC 3 -31 55 94 -47 86 -20 31 -91 -53 -34 -98 46 -80 31 84 7 -2 142 230 114 183 -13 142 -61 26 149 -94 157 26 142 133 -17 144 -78 -42 -147 -155 16 -14 -199 172 -24 -43 45 -19 142 -9 0
CC 82 98 84 37 -39 -62 47 92 25 -33 -90 -91 -78 -34 89 -53 212 159 154 106 49 28 235 100 164 43 -32 -83 114 48 232 80 -2 -139 -157 123 58 62 174 32 -57 144 74 -113 110 179 -133 109 0
CC -39 87 -81 14 -41 -15 73 -17 -86 -66 -5 93 -97 52 78 65 42 112 70 184 140 127 237 165 37 56 179 264 46 61 146 171 97 -142 -51 25 35 -157 -12 70 -35 -101 -68 -43 60 183 116 10 0
CC -91 97 -81 84 -17 -85 25 37 20 -64 98 25 -66 -34 73 -84 -12 211 -1 198 145 70 135 99 212 94 265 141 69 85 76 86 -26 -91 -168 -45 91 -186 109 -81 -61 45 -76 190 71 -63 99 6 0
CC -69 40 -89 51 96 -27 -37 -14 -76 -25 -18 50 -19 57 90 91 26 73 16 145 188 -10 14 56 119 -13 177 185 80 107 136 210 116 131 -77 81 -200 116 51 123 126 48 144 129 34 128 173 -10 0
CC -41 -37 86 -36 12 -44 37 24 -48 77 68 62 78 89 65 83 94 -16 283 37 119 13 128 72 142 258 261 118 272 147 235 262 -6 -136 11 23 -182 106 -195 -145 53 125 60 33 -169 104 163 -28 0
CC -11 -54 -47 7 -68 -56 -23 8 64 -21 -48 15 31 85 24 -43 57 138 150 181 26 -48 163 136 157 7 22 131 153 114 37 -34 -137 -137 -146 187 -20 188 -66 -8 115 -154 -134 59 -144 -18 -123 85 0
CC -55 80 24 91 89 -44 15 23 -43 34 72 96 -48 -99 78 30 31 227 87 234 284 18 160 153 -36 98 133 289 70 -38 129 89 -176 104 -51 177 199 68 190 -29 184 145 183 -118 -54 -159 188 -198 0
CC 98 88 59 -5 -60 -77 6 -96 97 85 87 -13 18 7 61 -24 272 137 165 188 105 36 171 22 145 263 263 151 141 177 71 162 -52 -170 -163 101 115 108 -174 -160 -109 -50 -124 77 -65 -120 -155 110 0
CC 84 63 -97 -54 96 -76 -47 88 -31 -34 29 56 -46 -52 72 -27 176 111 -52 -24 265 -67 32 274 68 141 141 131 -16 24 96 21 -173 -55 -6 -28 101 65 -59 111 74 -140 -96 -48 -3 -21 -100 -91 0
CC -9 -68 -5 21 81 -15 89 86 17 -82 27 -32 95 73 27 45 92 -27 57 102 91 103 261 258 162 88 88 13 188 87 175 230 -12 127 -174 154 -134 93 123 -1 -177 23 76 117 132 -187 -177 93 0
CC -62 13 12 -13 10 86 -44 40 53 28 -79 -61 -70 17 75 -53 113 126 43 36 138 282 99 157 249 122 5 137 -8 167 87 98 66 190 -65 -142 -129 117 -38 176 -124 62 37 -98 -67 182 -89 59 0
CC 16 -22 -94 -65 -3 -14 88 22 -44 67 79 82 -46 -26 89 40 23 125 -42 115 150 179 111 114 -24 86 214 247 77 132 96 133 -197 -128 -132 114 199 -3 11 -39 -74 -123 36 -17 -13 167 -80 -135 0
CC -11 0 -86 40 -83 -47 88 75 -6 66 -68 -28 57 -38 86 -55 23 108 78 124 -20 150 139 152 12 224 -21 120 171 16 109 -27 40 133 153 172 59 -24 -101 -142 65 -89 -55 -195 -31 5 -180 -183 0
CC -79 -27 -17 48 -89 8 13 -17 -60 -39 -70 -49 1 -83 -56 -29 -63 116 172 203 50 172 134 119 62 81 23 117 50 67 105 41 20 98 -84 -173 74 -26 88 142 165 -7 161 104 45 -199 140 104 0
CC -55 34 -72 94 39 -47 9 55 56 -52 5 -17 49 37 -54 -52 128 52 -13 166 141 106 15 79 76 -9 94 158 52 234 35 90 -22 114 36 -92 2 -32 170 120 -119 -97 -113 -143 68 92 -5 -100 0
CC 68 38 -42 -8 95 -66 -56 12 -95 52 -96 11 46 -98 -47 93 119 44 72 107 115 -11 100 105 -4 143 -36 161 55 -45 -47 128 107 -117 55 99 140 115 -82 -132 157 -149 54 -139 -73 -158 -186 69 0
CC 8 -74 -6 -97 -46 9 22 -99 96 -90 -68 -43 -20 95 -99 -81 39 21 94 -93 -37 81 41 74 122 81 -37 14 84 154 -33 94 25 -129 114 -194 -182 168 -23 -18 -17 -30 1 -104 -51 -95 -86 139 0
CC 87 17 -49 -66 -96 57 -94 7 -88 -21 -82 28 -89 -76 -44 -29 136 19 149 -57 -55 107 37 85 -57 -19 107 86 21 20 9 133 -42 -117 -139 -168 63 -128 128 -12 -194 -19 -18 -16 -17 -56 185 -13 0
CC -5 -76 64 70 3 -63 -79 56 0 -63 77 -53 48 -21 -87 -12 163 -1 152 237 140 2 -51 108 60 68 103 -51 166 67 56 168 -130 148 -21 133 -125 133 195 -156 97 -141 -20 -145 -105 -186 -49 -32 0
CC -79 69 -87 -38 21 1 9 56 71 -26 -57 -61 -60 48 -8 -38 -77 179 76 -38 198 178 134 60 88 79 22 -61 105 75 92 116 -4 48 108 -9 -182 172 91 -69 -125 55 -191 72 -165 -165 165 94 0
CC -66 -23 -91 -64 -9 -47 25 12 -1 -36 10 -19 -43 -98 56 90 -3 -4 51 -47 51 4 116 204 83 110 142 -9 128 -91 106 145 19 -25 -55 2 33 33 -2 177 -122 -16 -153 -182 -39 -70 -58 193 0
CC -77 74 3 33 17 16 35 -52 78 20 -35 2 -65 -48 67 67 55 118 147 193 88 168 196 111 150 82 2 165 2 -48 185 101 37 181 17 -85 -153 9 180 -61 -10 -155 178 -178 -82 79 150 -146 0
CC 76 9 -52 -62 -64 66 88 -41 38 -60 -6 10 -58 97 -37 18 197 178 47 109 -27 157 215 90 137 -42 188 113 46 191 93 114 -184 131 -197 -135 103 -134 -115 -114 -44 142 64 185 -163 8 197 -111 0
CC 36 -78 -40 68 10 26 -36 1 -39 -41 48 -32 19 -78 42 -43 73 18 146 94 130 57 -11 23 -2 66 92 34 97 -32 150 -8 168 99 150 -32 115 170 -126 169 -149 100 137 -15 -29 -3 117 -100 0
CC -72 -46 75 -73 -21 -84 53 -24 -27 42 95 -76 -24 -30 -81 64 -21 58 240 -49 103 60 117 62 1 80 113 -4 -24 149 -23 90 77 -148 41 149 193 -189 -159 87 -53 182 185 89 55 31 156 -100 0
CC 27 68 -93 54 -11 -26 16 71 54 10 63 -21 -66 21 -6 -63 206 123 -13 228 158 120 190 115 117 189 169 53 -33 209 71 40 -84 154 -65 -27 191 -185 -33 -54 4 30 161 168 -200 175 96 -158 0
CC -96 72 -30 -25 -43 71 39 -8 -33 15 58 27 40 -83 -74 41 -77 214 67 134 79 225 179 53 74 159 158 99 183 87 105 191 -183 -139 -123 -144 163 -11 23 11 -160 -57 115 -143 154 66 188 94 0
CC 30 5 -32 8 -96 19 76 -17 49 -11 84 70 70 24 27 -70 72 139 121 76 82 76 274 150 242 123 101 192 261 75 34 56 -166 -153 -46 50 151 -25 70 192 172 -126 116 2 -93 176 -94 -36 0
CC -95 -72 -80 92 -33 35 -10 97 25 -68 48 -86 -5 22 -64 66 -40 18 111 172 -17 174 99 130 137 74 196 42 143 115 48 113 -86 -119 -173 161 178 53 -4 -1 -193 85 92 134 125 6 -26 113 0
CC 71 67 19 26 63 -92 42 -32 -74 -100 14 36 44 -83 -20 -57 160 154 31 222 207 18 48 48 -6 -65 20 162 89 40 18 -11 22 -192 120 63 163 -109 39 84 196 196 -115 172 137 -67 30 140 0
CC -14 25 -90 58 54 -60 64 1 -65 -83 57 -44 87 86 73 66 175 34 -55 245 155 130 150 104 70 95 73 98 191 148 242 75 -102 179 -1 -166 193 119 116 191 -171 76 17 -22 165 -48 54 196 0
CC -63 5 -4 25 53 22 0 -35 70 -76 72 -46 92 -34 -30 -58 110 32 58 104 241 218 183 87 165 -63 74 61 247 46 156 2 82 -62 73 4 -180 162 18 -167 2 163 -112 -85 -71 160 149 -55 0
CC 57 75 60 62 25 66 -19 -89 71 -28 -82 -49 -94 -92 75 44 218 253 208 186 73 169 28 -24 158 102 5 13 81 45 90 225 -119 155 2 -185 169 -124 31 -137 1 -138 -25 -95 -146 -70 179 34 0
CC 72 55 70 72 86 61 -34 -28 55 -14 20 53 -48 91 -41 -37 86 80 219 93 125 103 -34 132 142 17 175 115 -15 248 54 19 33 99 -14 116 3 -182 -7 -118 -151 -18 -3 -26 -77 145 -64 179 0
CC -67 78 -88 -86 96 45 20 95 40 -23 -92 -9 83 15 -70 0 7 225 14 54 156 210 190 256 60 12 -72 141 246 192 55 23 -69 -108 -21 163 70 -67 118 27 122 178 -148 -49 -195 145 -43 -77 0
CC 85 3 -18 -96 34 39 -10 -52 93 51 -74 -29 -71 -93 25 -36 228 141 13 12 102 198 85 110 285 95 -44 56 97 79 132 162 -155 6 178 166 -62 89 -196 -67 -190 33 -24 67 -102 -42 178 -63 0
CC 5 9 94 -96 -62 66 85 -17 93 71 -39 97 44 -66 21 -62 93 145 176 -63 -3 148 196 53 289 83 78 275 168 14 139 -25 -16 146 -110 -65 -83 -198 122 47 -94 104 -56 -119 163 148 -41 41 0
CC 93 15 14 -80 24 -79 2 -83 65 -24 17 -79 -57 -86 48 52 115 73 65 95 212 106 131 33 102 4 38 9 -54 -63 148 173 152 -178 170 182 51 181 -143 -62 -192 45 68 -122 129 -144 44 30 0
CC -15 43 -19 -11 35 55 -67 14 23 67 49 -39 -60 -43 2 20 160 187 90 126 89 130 3 50 208 156 223 78 90 -3 129 102 111 27 -183 45 -134 -46 109 85 137 58 185 129 190 127 133 -192 0
CC -73 -12 73 10 20 5 86 28 -45 88 48 79 98 -98 -53 -34 -6 121 129 186 145 191 113 64 46 99 238 158 102 17 -18 59 -170 -133 -196 -107 19 -63 87 79 -194 -160 -141 193 1 -23 -97 41 0
CC -97 -57 22 29 21 81 74 27 5 60 53 74 -69 31 -58 -4 -66 103 37 185 77 116 259 214 39 113 109 125 57 38 70 105 -180 57 148 111 54 -67 -111 4 -8 -115 -84 76 -156 -48 8 -4 0
CC 81 -29 -73 -81 4 73 -99 97 49 58 54 35 -44 -88 72 41 116 134 -53 51 89 84 95 222 217 74 204 56 4 -68 196 90 -19 -31 -45 -192 17 20 146 -47 -118 -57 179 -106 66 -50 -165 -1 0
CC 62 8 -38 -4 -61 70 -84 -18 -68 -80 -81 -88 -17 22 30 -13 65 8 112 104 1 219 -78 152 26 -44 117 -30 103 38 38 165 -7 119 -161 -145 157 178 -21 199 75 77 80 80 -170 -110 104 -146 0
CC -82 49 0 75 -96 -16 17 -1 90 -6 0 12 -6 23 39 54 113 78 14 109 -91 153 70 174 195 139 163 124 6 162 183 234 12 -18 76 64 -186 73 145 162 122 100 47 -171 43 -123 -166 -197 0
CC -73 72 -14 -92 -39 -40 -11 32 61 95 51 -93 91 -67 -81 21 -24 221 77 93 47 110 34 152 120 108 243 24 94 97 96 58 56 184 -111 186 -99 13 -23 69 165 97 147 -104 139 76 114 65 0
CC -14 -84 -15 -98 -1 -54 -6 -67 10 -76 -59 3 -15 -21 -62 41 65 79 110 -26 22 129 168 92 141 -72 31 61 80 76 135 236 110 -18 -7 159 -49 68 24 188 -83 -46 185 149 -174 98 74 9 0
CC -90 86 26 -57 49 35 -16 10 60 86 95 31 -74 -96 -66 -42 -48 113 115 9 156 46 80 137 225 193 164 38 59 80 59 -30 -17 -105 -174 -170 72 -117 -22 -124 -175 172 -186 -158 83 149 -143 -132 0
CC 41 -28 0 25 -51 -36 -42 41 -9 0 68 -16 28 -58 -38 4 137 130 71 82 -46 100 120 207 143 162 124 112 56 47 116 174 -84 -156 -39 20 -111 48 181 -91 187 199 -152 -42 29 -161 44 -20 0
CC 52 34 95 82 82 82 40 22 61 57 -11 83 95 11 41 -72 232 108 212 99 219 103 142 166 219 119 4 184 191 90 54 75 94 12 116 -122 86 -186 194 51 158 128 -139 135 4 -27 110 83 0
CC 94 89 92 50 -69 -8 79 35 8 -82 1 91 -76 -84 -29 -8 133 250 166 81 51 47 129 148 15 -47 182 213 39 -19 19 132 -63 -167 -8 54 -179 122 -181 50 15 162 -199 -85 189 -27 -107 101 0
CC 67 38 88 55 -31 -30 85 27 0 45 -54 50 19 -5 6 -50 138 196 154 91 59 51 190 149 145 234 54 96 205 136 16 -17 151 -183 24 -189 -8 115 -18 47 48 188 -188 -30 -11 -175 115 196 0
CC 17 -1 -1 47 -13 -1 -78 -89 -64 4 0 54 -18 55 22 97 187 96 148 94 32 146 -12 72 -45 26 139 245 72 92 98 225 102 -24 73 14 123 -31 108 49 60 45 -185 65 -186 -187 59 6 0
CC 18 -74 -24 -12 33 0 65 80 93 -96 -89 88 26 -64 68 92 168 39 77 -7 139 12 160 82 217 25 103 106 120 70 87 212 25 -62 158 -68 71 -138 -96 93 -30 -102 0 113 166 172 30 42 0
CC -46 59 -48 74 -28 -28 37 4 -72 -42 0 90 -18 -50 40 74 39 76 115 241 102 90 234 37 -70 152 0 201 98 40 203 261 -63 -60 -184 -110 -118 100 -53 33 -147 125 10 180 -57 -138 145 -185 0
CC -73 26 59 64 -11 -48 -68 27 41 -62 -46 -82 -36 -36 -90 57 4 159 220 83 60 13 27 173 127 -49 -6 84 41 6 -7 192 -188 46 -200 194 -6 106 22 -136 179 -33 196 129 90 -139 132 146 0
CC -37 -63 -47 -67 52 48 -71 19 32 -36 62 56 -5 21 12 -5 130 -17 141 111 84 99 -4 103 126 15 128 111 104 163 106 189 41 187 -174 191 31 149 -22 20 104 -9 111 157 97 -124 -140 111 0
CC 96 75 47 -97 95 6 -37 13 89 -51 13 96 -89 -76 -59 25 119 169 73 -55 252 119 -29 95 235 -9 203 261 24 40 4 194 -69 -185 61 65 83 -61 0 -106 140 -66 -91 3 181 23 180 45 0
CC -84 -84 10 -50 36 -55 -100 81 56 -11 34 88 -24 59 87 -94 101 14 49 -10 189 94 12 170 186 -4 57 279 77 162 126 -58 54 136 -118 -124 67 184 49 -82 -19 103 -112 -62 -23 17 -77 -176 0
CC 91 -60 10 -8 95 -65 73 2 19 94 -81 -40 -62 -50 18 62 127 109 136 159 196 -23 191 31 36 269 85 119 7 63 78 157 89 178 -140 -132 -109 83 136 -8 -169 20 8 178 -144 -177 -124 -82 0
CC 97 33 25 9 -19 -11 -33 -25 -2 27 -55 -66 -95 92 7 89 165 203 67 197 140 8 -24 35 128 119 34 109 5 253 49 221 189 18 187 163 -119 -8 -138 -73 188 -117 -96 26 68 57 -32 188 0
CC 81 95 23 -37 46 -98 -71 -51 -42 -73 -85 64 74 -34 -50 24 232 122 100 -33 48 -62 122 87 3 113 35 131 264 -29 54 130 197 9 140 -168 74 49 -99 63 -95 -11 -59 120 149 154 108 144 0
CC 25 -73 -10 47 -11 -70 2 -49 57 -35 62 -48 -68 5 17 -99 112 64 137 221 130 36 34 1 157 142 164 81 103 124 25 91 -110 -172 -127 12 132 199 -58 147 51 110 197 134 82 -192 150 -192 0
CC -99 -5 -58 -54 56 5 92 -74 -66 36 -4 -12 -18 29 52 -22 -55 42 -53 -32 192 193 264 4 81 137 50 137 125 170 101 133 192 42 94 -129 -74 55 27 -102 -142 0 -156 43 -200 -177 -41 -100 0
CC 34 13 63 -79 73 69 -88 -87 -64 47 99 -76 -22 -20 35 -56 181 186 222 17 265 102 -21 109 85 74 212 -50 119 142 170 48 72 102 -198 -97 -91 58 153 95 144 -149 -2 -77 35 -69 -125 -140 0
CC -46 -92 -45 99 -97 -99 -23 12 95 -78 -17 -89 -13 13 66 32 23 -10 25 268 24 46 0 68 238 110 177 -87 -4 174 230 149 128 124 -127 -147 -34 -55 -114 -199 -112 145 14 -104 118 87 160 -95 0
CC -71 16 -31 57 2 -32 16 -66 -26 -66 -8 73 -86 -54 71 -10 123 74 22 85 113 42 177 8 14 59 98 247 -43 -53 126 114 -119 89 -168 -28 -33 121 -69 92 -192 125 -80 130 136 -36 75 -99 0
CC 63 -54 -10 -2 -76 -4 -74 62 26 53 -46 -31 58 91 50 67 255 -27 43 37 55 52 -4 131 218 135 -1 13 192 124 59 172 -138 -111 81 158 -135 -9 -165 188 195 71 -136 -157 -152 -113 19 -173 0
CC 58 45 33 -19 52 -84 -89 -41 47 18 -3 47 -82 -67 30 -75 189 139 205 107 184 -83 22 62 52 142 79 75 31 127 129 40 50 -129 -137 97 94 -62 -127 -142 -133 -28 55 149 -78 0 132 -114 0
CC 15 88 98 -35 89 -55 46 -80 72 5 43 -8 45 6 92 60 94 226 135 72 94 49 121 -20 263 173 126 16 219 198 273 238 197 52 -191 -67 168 148 -139 8 107 174 -147 -56 133 -159 198 -146 0
CC 8 21 -19 88 15 20 -36 50 43 41 47 -71 23 -92 -87 -47 85 70 3 167 37 134 -25 168 153 63 129 -68 108 -67 53 14 81 142 -115 53 -112 -136 39 31 -36 95 -28 -27 -5 -126 96 -189 0
CC 18 9 -8 -44 3 -25 -51 96 -29 19 -18 -43 1 -44 84 95 95 36 162 19 14 167 64 171 59 112 -7 29 165 129 160 199 -26 -108 -46 176 10 14 -149 -124 -31 -170 -93 87 57 121 -116 28 0
CC 61 -88 -60 -91 91 -49 38 47 -32 4 32 -73 49 59 -37 30 166 -35 64 105 169 86 75 92 149 132 121 -20 95 66 162 80 95 170 10 103 115 139 104 29 -143 161 -182 -128 -52 -56 -177 110 0
CC -31 25 6 64 -23 -4 20 -32 65 40 -98 2 50 -72 39 39 109 112 114 76 74 72 198 105 217 122 6 183 138 -20 168 216 99 -104 -122 158 -200 53 51 59 10 60 -48 39 147 -88 -39 189 0
CC 44 96 -93 -83 -71 81 -80 20 84 45 34 2 -93 -84 8 -44 93 166 -58 92 58 112 54 134 137 237 171 87 -1 25 146 75 167 105 -143 92 -4 177 65 69 151 -72 130 -200 -165 162 -157 75 0
CC -66 -49 21 -28 52 -66 -66 -79 35 79 -94 67 -58 71 -7 -45 25 114 168 64 79 15 -26 -23 152 252 65 78 74 227 53 50 -39 75 -71 -79 -190 -105 -13 -152 186 -143 -51 -136 -188 -96 83 -84 0
CC 51 -10 39 -23 35 -64 0 12 69 -96 21 -23 -58 -24 -64 55 180 93 77 -6 58 126 33 16 118 9 29 27 131 43 90 245 156 -35 82 -193 -33 -70 14 170 -18 -123 159 62 -100 118 141 84 0
CC -15 -1 -79 -97 -19 92 -46 54 -76 18 -98 -29 44 -81 51 -57 27 154 -3 -17 -18 171 27 156 62 63 32 0 94 -28 137 21 -83 73 -125 132 140 -10 132 151 105 47 89 196 72 -47 -46 -15 0
CC 86 -30 -79 -22 25 66 63 -65 88 43 28 39 -96 -93 -45 85 170 9 -64 63 112 176 70 113 170 168 91 172 10 91 16 113 -141 113 3 48 -22 -41 -39 166 -195 83 -32 -41 -74 -188 -149 162 0
CC -4 -43 76 81 -84 36 -53 74 86 89 51 -28 72 53 -88 35 187 -17 243 191 106 118 33 168 187 176 186 165 193 155 30 90 169 -53 181 107 122 -192 -86 -149 -88 -108 -117 62 -171 91 -167 -85 0
CC 43 -91 -40 73 -83 1 15 -4 87 72 -60 94 94 -53 40 68 145 -63 126 229 24 133 119 5 109 181 -56 107 168 146 56 137 154 0 101 140 -124 -179 -58 196 66 121 -24 156 -77 79 138 70 0
CC 41 -65 -69 -3 71 -1 -93 30 61 0 22 -99 -11 99 70 45 225 15 -50 189 103 177 31 201 124 31 146 60 131 291 185 211 -74 88 110 171 -25 -12 -138 13 -170 51 -164 -132 88 32 -136 -158 0
CC -15 48 61 43 95 83 -49 -9 23 39 33 -1 41 -54 82 95 158 152 126 160 135 124 81 72 74 187 66 132 88 136 219 215 166 -111 153 136 -139 172 -85 107 -178 -12 161 17 -165 -48 192 -167 0
CC 68 -17 42 16 -44 -83 87 -78 74 67 52 -80 -84 68 -33 52 192 -2 133 46 120 -68 195 76 163 151 56 -41 97 165 120 175 -85 -4 -1 99 85 18 17 160 -103 18 94 109 152 -17 -101 -86 0
CC 23 40 0 98 68 -38 23 -24 -89 10 76 51 -67 -97 -90 -78 85 124 10 275 150 64 93 14 -31 20 161 77 59 -21 106 -68 -25 129 170 -145 -189 -149 184 34 -61 -138 -124 160 -29 100 134 188 0
CC -75 -91 -57 35 97 -74 86 9 62 -4 -63 -52 -51 9 79 -14 11 71 68 70 260 -7 186 64 128 36 2 -26 -29 166 185 118 11 -151 -93 70 155 -67 -188 -112 -163 47 -115 199 -76 -89 -125 -58 0
CC -80 -68 -28 -39 -39 46 46 -30 82 -91 3 -3 -2 66 -27 50 -9 64 66 104 141 226 75 108 151 65 131 157 182 112 80 103 -6 49 67 107 124 103 -75 34 92 177 -152 -20 27 -30 102 -118 0
CC -47 30 64 -92 85 -67 66 93 15 -83 -49 -34 -32 -8 -77 31 104 52 220 73 105 50 81 226 22 74 -39 106 24 56 -75 66 63 2 -129 -21 107 -181 4 -198 -139 -86 -134 -160 -52 -87 85 2 0
CC 2 -42 -40 21 88 -94 98 46 -89 -4 -50 -81 -26 36 7 -60 155 56 -27 203 273 -42 170 162 51 19 75 103 170 106 65 -44 169 103 62 -29 181 -127 81 -103 99 -113 192 91 56 -9 -24 180 0
CC -35 -2 96 -5 34 27 -82 -74 -83 46 -22 -17 57 22 11 77 -21 110 219 14 103 67 -15 -71 -20 149 99 2 72 85 160 153 5 -79 13 188 114 -150 198 68 -122 94 -140 172 -153 18 39 -168 0
CC 79 77 98 -24 23 83 8 7 26 17 49 -52 3 -80 93 -13 125 102 140 116 42 137 171 45 175 95 106 134 187 -19 277 106 99 -98 117 -27 -106 65 -119 -104 197 74 72 97 -108 32 3 10 0
CC 53 86 -66 -69 -43 30 79 -29 -44 -89 -79 47 58 -77 65 65 232 125 51 -35 141 62 214 127 57 100 15 79 76 -28 124 254 173 -189 112 190 -1 -14 -78 -65 -81 191 -78 -87 30 65 49 -167 0
CC 3 -75 61 -68 75 -50 63 94 -89 -40 -7 -86 -9 -78 41 7 123 69 61 -57 108 130 153 159 -58 156 44 -58 132 48 142 110 -31 -123 178 119 -35 197 -33 169 -172 -31 89 -167 -167 197 -18 -86 0
CC -44 -76 93 -79 42 -69 -35 -50 99 81 -53 -96 -74 -21 -20 -16 -25 -63 117 -43 123 27 104 111 202 243 117 98 65 91 34 22 -44 22 53 -199 -148 -120 22 -52 1 -95 76 89 65 -147 -114 -18 0
CC 64 38 -62 -60 -3 73 -86 -69 -64 22 -43 31 18 61 65 -8 167 143 -5 -22 83 115 -18 30 67 37 88 101 126 161 214 114 74 -165 -110 4 175 121 -139 125 -20 18 -127 -70 187 -22 -184 -142 0
CC -86 -25 -100 32 2 27 -42 -55 75 91 -51 -21 -92 -32 -53 -94 2 94 55 62 89 45 46 -6 242 150 22 79 -39 105 -13 73 -122 129 -140 -173 158 180 41 -59 -109 165 -146 -75 33 -137 -50 120 0
CC 38 79 -27 16 -67 -13 65 98 -87 63 -65 -57 -95 34 23 37 63 102 171 158 124 10 96 150 12 120 131 70 -95 102 125 178 8 10 -23 188 -138 114 167 105 97 -136 -158 17 -185 -43 101 -76 0
CC -49 -81 -24 73 89 -69 -52 -84 25 78 -46 62 -27 32 -99 -83 57 -25 45 257 108 -54 -32 71 55 245 -28 251 -10 222 33 80 107 -41 -141 68 -136 192 -56 -35 -133 8 67 -77 -55 -71 101 -132 0
CC 61 -42 -77 -58 -98 -31 45 -10 71 -76 -8 33 -20 -90 54 -31 225 90 -68 130 96 125 227 56 138 -39 142 41 163 -65 82 18 -160 147 -23 144 115 -96 122 -136 -4 112 28 112 121 -139 -144 -36 0
CC 26 -100 -36 -87 -23 -43 69 -10 4 60 -24 75 40 72 46 18 220 -64 124 49 6 71 215 146 67 144 -14 237 219 216 67 96 -54 -187 -168 21 -28 132 -84 93 73 123 -131 -142 170 -94 -113 -199 0
CC -98 18 -88 -63 60 82 92 62 -32 8 -39 61 70 -59 49 -80 101 59 57 -6 146 143 93 187 39 149 105 75 248 -43 177 30 -100 8 71 -44 118 33 -188 -44 -71 7 -42 199 -55 -46 40 -99 0
CC -47 -83 73 2 -39 -81 -82 15 -30 10 -88 -82 98 54 -49 -56 55 -67 110 147 -33 87 8 146 3 15 -78 -55 98 108 66 30 -146 -20 3 97 193 7 186 154 -118 145 199 16 53 -2 -196 -76 0
CC -97 89 -5 78 -25 -26 -10 -5 -55 -98 26 -7 91 -26 14 64 -41 261 189 182 43 61 27 186 139 92 220 128 122 135 50 174 -186 98 83 88 -150 -123 -171 -117 150 -12 -156 168 -38 -181 -161 126 0
CC 93 -78 -43 59 -1 43 -36 78 97 -63 15 -69 -57 -51 -55 -64 246 -78 3 107 173 62 -26 114 199 -45 26 116 137 54 -51 36 -84 -141 -146 -156 -10 -74 -43 118 -94 168 -79 74 120 -32 94 114 0
CC 62 19 89 -5 -37 37 -89 -17 -97 -51 63 92 -43 76 14 -84 226 161 181 124 159 217 -66 55 -28 54 130 230 84 250 52 43 -124 65 167 138 101 87 33 -61 -105 -5 111 54 98 -21 -25 107 0
CC -45 -60 79 -25 -78 34 40 -62 -83 92 -48 82 -11 -35 46 -53 45 113 255 0 63 119 134 -40 6 149 64 234 73 76 179 14 130 -46 24 81 -51 87 -33 141 131 10 100 -175 153 179 72 -91 0
CC -13 -46 47 -69 93 -6 -29 -75 56 -72 -11 -8 -31 36 -41 -53 -6 151 61 90 104 139 157 -72 206 77 25 34 111 161 77 111 3 -175 114 -77 35 140 -24 87 172 192 -49 149 163 122 -115 -169 0
CC 39 -33 54 -22 -30 -78 71 -14 61 -54 -71 99 72 -53 -77 -64 75 28 223 127 8 52 222 25 160 44 118 155 234 -13 34 21 -31 173 -125 24 61 55 -3 122 -159 -195 -7 6 175 -76 162 -156 0
CC -8 -11 64 -95 62 8 14 -58 66 -19 -23 -75 -87 -49 88 -35 48 131 167 7 193 90 20 -53 95 46 134 124 76 71 122 59 148 187 86 -64 125 -19 143 136 -1 -116 92 -166 90 144 27 -90 0
CC 99 42 -70 -71 13 -95 92 -66 78 -95 15 84 -42 61 29 -93 108 45 51 -69 93 10 162 56 140 32 141 105 9 142 175 59 116 -78 -49 -32 -122 -123 192 64 -102 145 -46 -91 -170 33 65 -78 0
CC -16 -72 -8 43 -12 94 3 33 18 83 6 -49 18 99 -93 -54 128 58 100 156 169 211 178 169 83 156 115 89 200 224 -80 -47 -7 67 -71 -192 -113 60 -137 -104 -157 -53 -157 173 81 146 79 196 0
CC 6 70 -34 -39 -92 -49 -76 -43 56 -65 -68 -97 -37 88 38 49 116 266 80 11 16 62 -47 137 195 121 -24 69 -4 134 93 107 171 107 125 -50 59 -51 -68 9 -177 182 45 -159 107 -43 -183 -72 0
CC -1 83 92 67 50 95 88 -5 -95 74 3 -88 2 -17 -2 -39 34 127 92 103 118 118 174 21 69 188 168 12 46 -5 112 22 109 89 -171 -185 -189 -22 -37 -191 16 -173 62 106 -141 95 -85 138 0
CC -61 -98 -88 80 -93 -79 -20 39 -66 49 -61 -84 -80 40 74 25 -60 -50 -35 108 -10 16 129 71 16 193 122 54 22 122 164 88 177 3 168 34 199 -149 95 59 173 186 187 36 -159 21 -96 152 0
CC 76 -77 -17 -92 95 34 22 16 37 94 46 99 -15 -94 -30 -30 219 5 99 -75 104 211 219 105 52 186 66 143 112 -7 4 139 -99 -114 168 -136 0 -62 40 74 116 -20 -77 6 74 -156 53 -170 0
CC 60 -100 -73 43 23 -53 -47 -21 23 28 59 -9 12 1 83 -63 103 59 -24 86 164 39 83 115 181 209 200 85 133 65 271 124 180 -179 -163 81 -98 -54 25 112 147 68 111 -129 -128 -85 -144 100 0
CC 83 60 -76 23 91 -45 -22 50 -83 -75 25 56 -26 51 -91 61 275 131 71 98 277 32 120 93 95 -60 175 118 61 213 15 222 30 -34 -123 58 151 45 -82 183 123 -138 54 77 24 52 -162 116 0
CC 58 -23 -88 -13 49 55 -68 -91 -39 -1 67 77 83 19 -78 -24 249 70 22 122 109 71 23 -49 -35 116 142 181 199 22 26 35 10 5 -16 -49 54 116 -45 -82 -176 -63 -72 -179 131 18 -122 -153 0
CC 93 48 -34 -58 79 7 -20 -89 -71 -40 7 97 29 70 27 12 137 101 80 107 212 69 177 -21 20 127 119 158 108 192 128 173 138 -68 -112 5 33 89 158 113 18 29 73 -74 192 158 43 105 0
CC -98 60 -27 -57 -27 46 -27 -83 75 -82 -24 31 -46 -31 -49 -3 -57 65 7 -11 126 196 5 71 156 112 124 139 87 146 -47 145 103 171 14 -18 -106 -93 139 -139 -86 75 -131 74 60 -93 12 -37 0
CC 57 -4 57 -77 -49 20 94 -46 13 26 -59 40 93 27 -92 -64 230 187 223 60 -36 164 292 21 83 146 18 213 175 84 16 -36 147 -147 134 -120 -172 -64 22 -49 -47 -99 -173 -182 136 -175 38 134 0
CC 25 47 -2 -49 4 -17 1 90 67 -94 -8 77 -18 -43 4 -72 199 228 92 123 17 136 147 164 101 -72 139 123 126 104 8 15 85 152 -25 95 124 97 -69 188 -103 -123 4 137 31 156 -31 123 0
CC -23 -92 48 -55 -25 -69 68 51 7 -23 52 73 73 -94 -38 -82 118 -9 98 -47 76 -39 180 172 184 -18 86 115 264 94 -23 -36 -179 -153 -119 -144 3 2 98 -2 -198 -159 134 -183 20 -172 -119 64 0
CC -80 18 16 -30 12 -54 -84 -64 -36 -2 62 -10 40 20 5 24 -66 184 89 72 66 126 69 95 -14 38 74 120 239 89 138 204 -24 50 -173 -15 19 14 -43 -55 -87 159 126 44 -131 172 -22 158 0
CC -10 -53 45 -42 69 -5 -9 61 33 -37 74 -63 -88 61 2 -45 138 131 45 56 81 98 186 176 205 12 213 124 44 251 161 -38 -137 -25 149 189 153 35 34 56 189 -79 69 53 -146 -96 117 172 0
CC -57 -23 33 -25 96 -82 -29 -23 34 -97 75 -6 29 -11 45 -7 41 36 177 -17 278 89 107 74 186 62 77 26 194 29 234 0 -33 -165 7 -144 -4 135 67 -191 120 127 -22 189 -66 94 -172 -1 0
CC -72 -53 -44 77 -44 -66 -76 10 56 36 35 75 60 -99 -99 -96 -42 7 150 274 80 104 -24 151 94 120 99 187 180 -2 7 44 -113 -15 89 -152 -197 -165 152 -55 134 141 123 183 -23 126 -198 -27 0
CC 91 44 -11 -77 16 -61 -77 52 -21 -67 58 35 -95 14 -90 -81 207 222 75 -55 126 24 -32 250 178 89 205 126 85 169 -67 -66 177 -82 -92 -56 9 -79 41 -109 197 -111 158 -112 175 197 107 -8 0
CC -8 34 77 26 67 -23 66 -7 -10 50 -6 -64 75 14 61 56 182 176 250 33 232 78 124 165 125 204 41 69 137 202 168 241 -11 -61 -61 -105 -158 86 18 -26 149 164 -46 97 22 -171 -53 0 0
CC -58 -40 86 36 -48 -93 -44 -22 -40 59 59 69 4 74 99 -78 93 156 172 224 35 26 2 91 34 241 83 106 179 137 215 -3 58 183 118 24 71 -44 -182 6 114 51 -46 150 -164 -23 60 131 0
CC 79 97 -96 -30 21 -73 77 65 42 -98 -15 -37 5 -78 22 98 210 106 -27 -2 160 -12 242 205 133 15 77 53 51 -10 163 266 -23 90 117 99 -124 65 40 56 172 47 -70 139 161 141 -119 -106 0
CC -37 -45 11 -65 -66 64 -44 -83 58 91 -15 45 -52 -57 3 -45 108 65 64 -58 27 172 -31 -47 168 151 60 175 142 124 171 87 -141 -49 -6 -92 152 42 40 108 49 17 -38 -175 -122 -163 130 38 0
CC -2 -10 99 -52 -82 32 57 87 -75 7 -2 2 -6 48 -38 -49 138 147 215 7 63 74 147 172 65 203 44 138 129 184 116 -11 -196 192 -98 114 -11 119 -135 47 15 -101 40 -3 65 -75 22 64 0
CC 22 88 87 -98 -47 -7 -57 -40 37 59 75 -18 -74 10 43 -79 218 223 247 -30 119 13 9 126 65 90 180 27 -42 196 83 6 106 -56 84 80 126 15 102 -162 144 -17 131 -134 -21 47 165 -15 0
CC -64 39 29 -26 -91 -8 58 37 36 -47 90 93 62 11 -57 -67 16 132 59 116 -22 143 187 229 171 109 235 129 227 202 -57 -23 -197 169 149 -20 -163 -117 -133 54 46 83 -36 -143 -161 133 -197 -46 0
CC 16 83 89 -65 19 -65 -8 -17 -83 -80 26 14 -6 61 85 -43 171 127 270 121 196 105 77 131 109 97 119 42 12 66 161 68 -164 180 115 -177 -80 -44 -78 65 -182 -138 -183 -138 195 -19 158 -119 0
CC -86 -12 53 71 86 -97 -35 -88 94 4 85 3 -82 -72 -36 44 69 27 109 99 240 -28 128 37 156 75 170 128 -51 -70 152 188 -34 -86 -142 -165 -120 109 -121 -116 -39 -128 -20 19 -173 -145 161 -18 0
CC -47 -16 69 -18 6 -14 -43 -16 -9 -95 87 -15 -40 -51 10 -92 114 158 189 158 168 3 144 0 71 -71 117 99 -5 66 186 -30 98 23 37 -92 146 23 -146 9 149 -107 55 181 101 77 191 161 0
CC -69 -62 -53 96 -10 -3 -22 31 60 4 -35 -87 78 74 95 50 51 94 -5 149 182 75 68 171 110 62 6 -8 204 149 212 64 148 164 -156 21 -197 69 57 -74 102 -35 37 -7 193 198 191 21 0
CC 72 -71 55 -42 75 64 57 3 1 -56 -35 77 80 -66 -3 54 116 104 142 149 131 86 57 177 123 -32 161 254 213 77 67 88 -89 51 53 -137 105 -16 63 -62 7 -179 17 144 31 -25 31 5 0
CC -9 54 -56 -49 -76 93 37 20 -5 -21 -16 -58 74 80 62 41 182 100 92 95 -66 232 156 125 150 88 -16 48 224 233 191 163 5 -68 6 -170 -21 -44 -111 -16 54 -112 32 78 -22 123 -67 -176 0
CC -2 39 24 78 -81 -49 -19 -40 35 -80 -56 39 40 -4 62 -72 57 171 51 136 62 136 92 51 88 115 -11 223 148 35 120 -11 143 -151 -196 -135 -134 -28 -125 180 110 -168 44 128 -45 14 109 46 0
CC 52 -73 -92 -30 -46 -2 -74 34 0 61 -93 16 16 21 -26 -29 194 81 -3 31 11 195 63 68 196 237 35 124 84 159 166 14 -43 0 -195 0 -155 -170 90 129 -13 -152 -57 97 139 152 -190 -193 0
CC -47 44 -27 -87 -87 56 -94 45 -3 -41 -34 63 -7 72 -74 61 -26 151 -20 33 -8 251 -31 230 8 -7 54 95 50 94 -38 253 144 -70 126 -146 135 -157 63 -47 -55 140 114 21 -19 -99 -19 -72 0
CC 56 71 24 -78 14 -72 -50 83 -16 -83 46 38 -81 11 -15 -48 254 166 169 -74 37 114 -19 86 166 12 50 213 -29 85 125 121 -8 129 140 -26 14 198 56 30 -134 11 -39 9 154 -90 85 -129 0
CC -50 -42 -11 7 18 -68 -59 47 -91 -5 18 73 -68 -76 60 -48 121 112 27 15 172 -24 4 221 -80 58 84 197 97 -3 203 127 103 -142 40 136 140 -133 -81 -55 -114 55 -174 132 -30 178 84 -72 0
CC 20 -61 37 -77 -70 -92 40 10 -59 -23 -94 1 71 -96 0 -85 188 54 162 95 20 -28 88 82 -26 14 63 150 157 -35 91 14 -57 69 81 96 162 39 4 77 21 -52 117 32 109 -119 124 -60 0
CC -46 -90 -12 -39 61 -22 -37 72 -94 -18 -78 -90 -78 -32 3 -5 -7 59 130 -19 239 57 -35 78 -35 8 -46 -48 4 111 108 130 188 -140 45 -117 192 -59 -21 40 -69 30 -131 -29 -135 -115 15 47 0
CC -63 -84 -91 40 23 92 15 81 -82 86 -67 -66 -58 -39 6 35 135 39 -10 203 208 239 184 270 10 274 110 79 96 56 176 197 -151 8 19 -155 77 119 -198 97 -46 90 -160 -37 44 7 -56 -109 0
CC -45 -91 -42 -87 -45 -5 -89 -45 -85 11 55 68 22 21 56 20 -15 72 139 32 107 182 92 -2 16 48 99 73 85 49 91 103 -187 2 47 35 -36 109 -136 111 -119 -5 177 140 -126 -7 -54 85 0
CC 82 98 9 42 -11 -33 -93 -19 -73 73 -42 -24 38 1 1 -51 176 199 77 222 124 22 36 32 86 105 -28 -12 111 16 105 72 -134 -91 163 -200 196 -199 16 -155 -168 115 9 63 131 -89 198 -195 0
CC -50 -34 -37 -4 -89 73 -64 19 83 81 39 -26 -88 57 -13 82 81 130 154 112 37 76 77 61 178 225 185 138 -60 133 26 94 135 186 145 177 143 155 -20 195 52 -25 -142 175 -34 35 -39 116 0
CC -10 -30 -34 -30 97 -44 83 1 36 -50 66 28 31 82 76 -79 -10 42 21 158 224 -43 248 76 198 46 252 85 106 227 170 23 -191 -197 98 194 92 57 37 113 152 -83 69 141 196 137 64 -182 0
CC -22 15 80 32 -51 -29 -88 61 -2 14 -16 -80 -70 55 28 35 63 202 203 205 41 -9 63 146 12 49 97 100 90 99 74 152 135 -190 -76 21 7 16 91 -12 -117 185 71 58 -67 -141 151 -77 0
CC 52 95 84 -33 -96 -25 -15 71 -70 33 -92 -66 -2 76 -11 -33 181 137 224 -26 -5 38 31 72 11 49 28 2 50 147 16 70 26 -88 -74 -87 -174 158 70 -86 112 -171 111 153 -154 -147 96 112 0
CC -75 -53 14 -74 -92 19 -76 -78 -73 -24 88 46 -91 -99 13 46 65 58 107 -48 -58 40 -5 -30 16 133 222 228 5 23 143 47 -42 111 -8 160 33 -99 -95 128 155 -190 103 14 -140 86 -127 -154 0
CC 99 -44 84 -8 2 57 24 84 -78 -53 -7 63 -20 -61 -97 -46 277 -44 264 48 46 199 175 188 91 63 60 139 40 43 62 70 117 -83 -193 164 98 -168 -72 -197 -115 87 -183 17 149 -195 49 143 0
CC -14 67 70 -93 -6 -37 -67 82 88 89 -15 31 -66 6 -54 -47 26 91 117 1 134 66 68 257 218 273 8 173 -2 77 64 134 46 -50 72 -60 7 -117 -104 -48 111 -172 68 45 44 138 -170 -67 0
CC -11 37 -11 -99 81 -51 -54 -10 -71 -89 45 66 62 -60 3 89 3 186 126 -21 244 44 75 25 -38 -3 172 82 168 -1 43 130 69 196 -74 -89 86 -172 -156 -85 -167 -33 133 -118 19 -150 -187 108 0
CC 69 -87 -19 -34 -67 19 -99 73 -77 -64 -3 -14 -37 -28 20 -52 157 91 140 137 1 205 49 213 -33 -31 152 106 -36 -8 25 72 -11 176 9 48 -25 144 50 -91 101 142 -170 161 -80 -157 111 97 0
CC 92 94 -45 56 -50 -67 94 -34 10 73 -77 -80 10 -56 -88 -62 218 193 29 166 -43 -21 203 99 16 79 121 64 209 51 69 128 197 138 -18 -33 74 -5 148 120 126 50 -24 27 -99 -36 171 169 0
CC -67 34 -46 80 83 59 39 92 56 -20 -51 -20 -56 -86 42 -32 69 37 19 118 144 93 183 281 209 171 126 43 61 -36 75 112 78 -36 170 -24 126 70 -131 128 85 28 -36 -33 32 23 -116 -130 0
CC 38 59 -13 24 52 17 -64 -31 -56 -20 51 18 -26 35 39 21 73 87 123 40 118 115 78 77 -6 98 59 137 132 117 74 125 15 -44 -139 52 181 -156 114 116 149 -155 -167 -139 -3 166 -16 82 0
CC 17 83 -1 -100 -54 -21 -8 -59 -93 91 -75 -99 33 -33 -29 31 157 244 4 -14 -17 134 173 9 -86 171 75 34 66 0 2 93 -176 -68 182 52 -140 -69 -111 -29 -42 62 -45 -84 122 160 197 -96 0
CC -38 3 -25 85 -52 55 -29 45 -43 -94 10 -1 -96 17 -86 9 116 151 130 184 72 181 -18 76 59 92 10 103 35 133 30 80 -163 105 112 145 -105 28 61 -153 -122 141 -153 -5 103 2 -122 156 0
CC -11 51 50 -72 21 69 16 -81 -79 -48 -92 -20 -69 89 32 -24 84 243 100 -64 92 239 191 -37 -21 71 -84 91 -8 131 195 60 120 151 5 191 -56 -200 -69 47 -84 187 34 179 -171 37 108 79 0
CC -24 59 59 -25 -86 -51 -72 -91 98 -41 -10 -4 46 -94 85 24 -23 79 253 173 72 -12 -50 -80 242 131 -9 156 165 100 246 186 -194 50 -92 179 -13 -101 -88 154 70 154 155 -72 74 -128 30 21 0
CC 75 -12 94 -36 -81 26 -46 -20 52 35 56 52 60 11 87 -36 217 139 195 124 -79 124 150 -18 191 99 95 131 134 149 244 48 -156 7 151 -76 125 37 -43 -97 -184 -22 -80 23 125 37 -8 90 0
CC 2 -89 -34 -17 -39 34 57 -66 -76 -84 -42 -3 -9 -76 73 13 92 82 41 145 32 57 240 -19 110 -33 63 65 125 -59 104 178 39 41 -67 -51 188 -180 94 32 -58 178 20 143 -181 -67 4 28 0
CC 33 79 -88 6 -16 4 -52 -81 52 9 37 0 -37 -88 64 -79 107 188 45 107 143 61 96 43 149 171 85 27 154 9 197 111 163 10 -3 0 -143 125 11 -19 -188 -71 -197 112 197 -102 -142 -133 0
CC -2 9 -58 -46 83 39 -49 -99 -1 9 76 91 -18 -78 25 -25 36 18 55 -24 194 203 -22 -60 2 185 102 226 112 106 145 -14 -185 139 188 -98 150 -70 -79 171 -96 94 -116 45 -89 85 -3 -39 0
CC -95 -21 -50 6 53 89 87 -2 83 80 -7 85 16 -98 -84 -44 -33 -6 65 30 206 185 266 -1 209 234 104 227 160 -47 72 53 140 -69 -114 62 -112 -25 105 -158 114 125 139 155 -178 -2 -49 48 0
CC -68 -11 -17 49 -74 18 -27 -53 -55 49 49 28 -40 -29 88 69 16 171 101 99 70 147 19 -53 -38 122 106 127 142 55 198 97 179 -68 -189 165 -172 171 -85 -82 26 -76 160 143 13 63 7 89 0
CC -8 59 -22 -44 32 -7 88 -99 -36 -76 -35 52 91 -100 -66 73 45 159 76 3 228 69 176 13 64 -55 78 125 194 59 -22 210 87 87 -144 -118 -61 190 -27 -191 119 -52 -47 -146 104 103 99 -73 0
CC 16 -11 -50 69 -31 -77 -71 -15 88 -61 66 81 9 -59 -58 9 93 19 44 139 56 114 64 120 257 33 76 132 110 -36 34 76 -185 127 -20 -199 -85 -60 43 -46 150 -161 116 -54 -7 15 -97 -106 0
CC -99 96 3 -47 -7 -91 8 1 16 -81 -34 -5 -88 -51 33 -72 -51 229 124 113 119 -31 129 163 172 -63 -15 11 31 121 98 -45 -171 116 85 132 -106 -54 199 -178 67 -114 135 -132 142 102 181 -7 0
CC 26 -23 -48 19 -95 -8 61 -45 57 -10 -17 49 77 14 -32 -58 161 165 8 47 -1 133 166 110 97 58 129 73 153 161 72 139 -86 28 -16 -198 -26 -10 -91 33 51 -122 -35 105 161 189 -165 -23 0
CC -68 -7 27 30 60 -23 82 -5 -15 20 -51 32 21 51 54 51 42 158 101 195 60 127 209 188 47 124 38 166 34 194 157 231 82 -11 30 -150 -3 -27 -199 148 -196 1 -137 -172 55 -180 20 -30 0
CC -24 -23 -75 81 83 -54 -73 -18 -46 -74 49 51 46 -96 18 -27 90 -13 -28 200 252 -1 101 60 -14 61 60 91 63 102 199 153 -150 -157 -143 114 -45 -111 55 -2 54 -14 53 -137 110 -19 150 -45 0
CC 14 69 20 26 12 65 80 -58 -76 26 -18 64 -24 -80 -97 97 173 262 219 51 138 142 104 122 -26 149 171 175 7 77 -76 236 130 -40 -56 -169 194 -166 -149 -151 -17 -37 74 -181 18 -5 -78 151 0
CC -69 -18 -17 -34 81 -93 -74 -56 92 14 -83 -3 56 -34 -50 76 50 144 121 30 179 -31 64 54 205 124 10 124 67 -5 -39 94 -73 59 109 184 -26 85 -132 -23 198 -63 9 -77 -139 125 -24 190 0
CC -87 -19 -42 -91 -2 7 -70 -9 69 -3 -13 68 60 69 -12 -47 -42 22 -9 8 67 173 4 131 212 68 72 186 189 207 24 49 81 191 57 119 13 140 103 133 -104 114 -89 -47 -62 38 107 -127 0
CC 46 -51 34 -70 -3 -92 13 -48 -10 49 74 -27 13 -100 59 -98 172 119 125 118 72 -48 169 77 155 68 191 139 66 -17 239 43 -101 -160 -65 6 -157 -38 91 -171 17 113 192 -86 5 193 20 -136 0
CC 64 -93 88 -94 -29 -85 29 34 -21 0 16 -11 -10 -43 95 -50 118 13 236 3 42 60 39 45 149 124 57 37 27 152 161 32 -28 -151 167 -62 -145 173 26 -90 42 183 38 96 -155 -58 14 111 0
CC -76 -98 -36 7 -58 -68 29 74 16 -18 45 -33 3 -38 45 -31 -65 0 141 84 136 -33 154 209 146 163 202 126 27 45 122 79 -79 -116 -194 131 124 172 -191 4 -177 57 20 -82 48 -123 -177 58 0
CC -59 -97 59 82 91 -88 -18 30 60 83 -58 30 -99 54 -59 -16 -20 68 92 198 104 -56 118 180 155 199 99 142 -27 60 139 -6 136 71 1 -66 -157 -45 -69 -34 43 -47 -8 109 143 -189 -176 -143 0
CC 91 22 -12 32 -15 -70 -9 -66 -55 -30 -21 -76 19 -39 19 34 135 149 75 102 49 124 138 36 88 149 150 17 153 27 122 119 -55 95 190 106 -185 128 -48 158 156 118 163 90 -71 199 -136 10 0
CC -86 18 -23 -67 4 -33 9 90 89 -95 -84 74 86 41 -25 33 91 29 -14 12 162 101 62 204 274 -24 2 78 119 60 98 175 158 60 155 134 105 151 85 151 6 -108 21 -16 193 -176 134 68 0
CC -16 69 -28 -22 22 -5 -20 -27 -50 84 -95 -22 -34 90 86 -80 -13 262 154 118 178 77 48 -18 -14 253 -90 152 12 167 285 15 -79 -13 172 44 -118 -162 -128 -157 166 -92 111 56 -162 130 86 -80 0
CC -89 -65 -22 -56 4 -85 -77 -39 44 82 3 -57 93 -17 42 -93 38 87 -20 83 148 -63 -37 -8 213 272 156 131 159 45 208 40 -12 149 -62 59 65 -161 38 115 66 113 40 145 147 -114 30 -195 0
CC -53 -63 52 70 -16 -24 -79 21 -93 90 47 92 73 23 -37 -40 103 106 165 166 135 170 60 43 72 214 170 252 185 58 82 107 -155 28 198 -60 45 -167 51 -87 -169 164 -128 -159 -93 -45 106 100 0
CC -7 -4 -91 92 56 80 73 -20 87 -7 46 -10 4 88 96 27 162 86 -42 283 194 211 177 159 281 47 193 33 8 284 200 63 192 -186 -69 56 131 92 -196 -161 110 58 -21 -179 70 14 152 35 0
CC -81 76 67 -70 -60 71 92 -86 -72 33 68 -40 30 95 -35 -17 -72 118 96 5 113 134 211 21 -17 168 174 -6 184 279 141 130 -109 70 -136 -82 -183 -188 -32 -84 20 -192 -182 60 -159 -84 89 -48 0
CC -5 -36 80 53 13 31 43 85 1 91 -5 67 -1 -62 -36 -56 86 69 166 72 200 78 173 162 143 268 20 108 172 64 156 67 -128 -69 -13 -126 -20 -185 169 105 -119 -20 71 -24 -186 33 21 -180 0
CC -89 32 -63 -30 -98 -27 -98 -84 -50 -77 95 -2 -71 -45 -41 -61 -22 36 42 18 46 36 16 68 118 -64 271 107 27 76 82 88 102 179 74 -197 -172 -131 43 121 113 -11 8 -188 -131 70 -186 -123 0
CC -39 4 77 -57 84 92 56 -75 -5 -39 -9 -65 31 48 30 37 112 171 246 87 224 282 75 -48 33 38 81 81 155 167 133 132 -8 -104 65 -170 6 67 -34 39 162 111 14 -66 103 -200 -60 -70 0
CC 56 22 13 -24 39 54 -12 43 43 -65 17 -81 -49 22 -30 -40 59 202 89 65 219 69 87 242 173 -46 192 -31 114 213 101 -3 101 -120 118 -52 -162 -15 -139 132 -165 -118 -115 -135 93 183 115 131 0
CC 97 -90 42 77 -89 -4 14 59 42 -90 41 23 -44 68 -50 8 222 -70 206 276 -20 36 105 72 77 6 134 79 154 196 89 196 182 181 111 130 58 108 23 -185 146 -17 -140 80 196 -52 -183 57 0
CC 68 92 59 5 -60 0 32 29 -71 -54 -45 55 -31 -81 -84 -41 122 105 167 123 -1 134 174 139 42 119 49 141 14 21 10 153 -52 114 -51 -155 -109 147 97 -175 117 -95 -41 172 80 -2 -191 -105 0
CC 58 -44 -19 50 -45 66 39 71 22 -17 31 21 -79 87 -22 -37 136 115 169 236 148 215 209 260 180 0 207 53 -14 103 1 153 -162 -100 -35 -61 33 71 68 -78 -184 162 40 -200 -60 79 72 -27 0
CC 34 54 -24 -8 -46 -6 -54 39 -82 -58 -84 12 97 -59 2 -9 115 58 102 154 47 8 133 165 74 -39 69 71 232 -32 35 71 144 -115 43 -139 37 21 -162 -194 30 172 -147 57 136 98 -57 109 0
CC -36 2 -39 -9 -37 -32 25 -39 59 -46 63 -88 39 -78 25 -14 42 19 148 21 161 78 132 109 61 -1 172 76 64 -10 156 137 -152 175 -117 103 -192 68 -197 183 16 -152 127 144 84 -134 64 126 0
CC 54 9 -8 -39 9 88 33 69 -65 -49 29 14 52 93 -21 -74 130 147 41 65 28 119 203 262 5 107 139 186 116 170 118 53 185 86 -160 86 147 111 -112 156 39 -10 -133 -43 158 -186 34 17 0
CC -10 78 -13 26 -31 -12 97 55 22 8 25 -35 50 6 70 -4 2 259 155 45 69 3 264 215 213 178 37 155 79 162 95 109 188 133 155 -88 -26 -54 163 -8 -69 -189 23 -43 125 -103 -3 -36 0
CC 95 10 2 86 97 -80 29 -93 4 -47 -82 2 -2 -62 48 -30 157 27 93 285 174 62 74 58 77 122 82 76 127 53 160 54 84 44 -12 -90 122 -136 -106 50 27 -108 154 -77 -33 166 195 90 0
CC 35 -71 -69 -90 2 -92 -17 -50 -83 64 -46 89 -73 38 -81 -84 49 -50 8 40 150 -90 84 41 -43 174 151 267 -64 209 -8 -51 135 -114 111 -120 45 71 -200 115 179 -136 30 -149 128 -190 -89 -87 0
CC -61 -60 7 -13 3 33 84 -36 -74 37 -49 69 -73 -23 90 0 56 107 143 88 110 130 208 -21 112 191 144 254 -28 109 277 120 -34 -142 98 160 110 88 -150 21 -153 80 -51 69 5 58 166 -185 0
CC 40 42 64 63 95 45 -86 71 -70 48 63 -46 61 -95 -96 48 96 114 162 99 134 205 54 88 89 59 215 48 71 78 25 114 -61 -94 -108 46 192 -71 -26 -142 45 -35 -27 45 144 -68 -77 -117 0
CC -23 -48 -38 8 -75 99 96 -8 -76 47 83 58 51 -44 72 92 9 107 147 93 -27 154 264 165 53 124 190 217 224 37 131 102 -177 -7 -48 -84 -132 114 77 -198 -77 141 -27 -71 -134 104 -96 159 0
CC -42 35 -10 -87 55 -20 61 80 -16 88 0 79 84 -29 -65 6 -36 86 65 88 165 48 81 108 -16 232 154 169 264 116 35 139 79 -195 -66 -36 71 -18 155 37 48 58 -184 67 95 22 -68 -200 0
CC -12 -57 -68 -68 -58 -41 -22 25 47 -21 -20 -48 -47 -95 -46 -43 82 17 42 31 93 89 45 163 220 10 51 66 52 36 128 142 -180 0 152 -104 -149 -107 25 -30 23 -92 154 -19 91 142 93 176 0
CC 2 27 -51 -76 32 -13 -32 11 -46 -1 -25 -30 -97 9 98 58 65 168 37 92 32 39 25 26 -25 29 107 -19 -37 46 267 66 43 181 -94 -63 -40 74 -75 -191 -17 -80 -65 -124 -35 -115 85 89 0
CC 85 -38 -29 -46 74 10 86 3 88 -27 15 -86 -20 67 -64 -15 113 102 165 -1 195 201 281 59 95 90 117 31 168 110 105 16 99 114 87 117 -151 -140 -128 109 -121 -161 -132 160 -46 151 72 -184 0
CC -3 69 -69 -38 1 21 -19 87 39 -89 79 42 -34 -56 -8 95 167 142 -55 1 155 189 -19 206 194 -49 168 53 8 48 -3 174 163 -29 178 48 -98 -181 -192 3 172 -44 -74 151 -35 5 159 -120 0
CC 66 74 77 50 6 84 35 -47 -42 69 -51 -18 -66 41 -59 -69 226 222 164 100 36 208 225 140 -11 247 94 101 -17 240 -2 124 -120 0 155 -52 189 -200 -158 -102 56 -65 -105 -5 -118 85 -133 -57 0
CC 83 78 -24 32 -81 15 10 45 -70 -51 92 -22 3 60 47 -69 211 259 167 193 81 211 40 169 95 97 224 40 141 83 89 40 86 -127 -144 187 132 3 52 -197 -188 -195 86 19 -189 124 -162 -165 0
CC -66 -61 -58 -93 -88 -50 -30 -67 9 47 34 52 -55 -44 -84 -89 106 8 41 7 4 121 44 119 94 163 137 146 81 51 24 21 -183 141 59 -41 -157 105 -4 -181 13 -77 95 164 15 115 159 82 0
CC 17 13 -16 -3 -80 -33 83 50 -83 77 -41 68 -84 49 50 -45 197 178 58 19 76 27 189 212 47 219 -30 192 76 106 80 52 -91 95 181 49 -96 -2 -113 -18 -158 153 -115 -149 -75 99 8 20 0
CC -47 -8 -73 -31 74 -40 11 88 -60 -100 -80 -49 -56 67 85 -87 -14 175 -72 147 263 118 137 163 -35 -68 -42 81 101 246 238 -74 78 -7 -77 -183 28 -48 -136 122 -48 1 -166 -30 -29 149 -110 -200 0
CC 18 82 -44 60 14 0 -30 -59 42 -67 -67 12 -35 -56 -92 -91 94 99 -35 69 195 32 46 137 175 79 -51 163 124 16 94 -5 126 1 -21 -189 49 -68 41 20 126 139 -32 137 146 107 -112 73 0
CC -7 35 55 -19 73 -7 -70 76 -17 23 96 -50 -1 -18 63 -88 102 137 252 163 88 72 75 217 132 134 100 89 46 62 68 -38 101 97 -18 81 97 0 112 184 -30 -192 -83 -28 -31 -49 -82 198 0
CC 65 -23 -39 83 91 -39 85 54 5 -77 73 -32 5 -57 -8 -3 145 33 52 98 254 126 150 153 19 -51 216 -12 38 111 152 170 143 -164 186 49 53 -55 -56 -24 -18 32 65 73 -35 132 47 13 0
CC -58 86 63 -3 -19 46 72 37 -79 -80 85 -85 -4 91 13 30 100 150 232 141 99 184 115 123 51 -52 155 -76 120 264 19 135 -170 129 -57 -79 -135 37 23 -9 -97 -172 -62 2 171 68 138 -124 0
CC 19 42 -14 89 -82 8 11 -66 2 92 -31 -7 -97 96 -83 -39 96 208 173 96 111 168 68 -18 115 287 84 50 -2 181 -28 124 72 -90 41 -131 -109 -148 -72 -99 -140 165 -158 -192 -53 154 99 -188 0
CC 13 -58 -5 55 -28 14 22 -31 76 -73 91 -88 86 -27 55 53 39 3 110 163 101 36 47 143 267 -21 257 72 93 88 242 155 21 21 -65 82 -3 -193 102 139 -6 110 -64 197 -87 173 -98 124 0
CC 60 -86 54 48 -90 -1 -52 13 -14 88 12 66 -59 -40 32 21 236 112 180 201 7 108 43 181 110 117 153 221 50 -30 52 140 101 75 67 119 -163 149 -91 24 -37 -183 -54 144 -178 127 -176 -114 0
CC -77 32 8 -77 -59 39 -17 -43 84 -91 -5 -72 30 -40 -81 19 91 113 176 31 114 178 115 102 113 59 168 -15 147 101 53 92 181 -98 178 -41 100 55 165 175 -5 67 -13 -132 -12 97 70 161 0
CC 75 40 -33 -86 -19 -32 -11 -23 26 48 -39 7 -3 -31 91 -62 183 205 116 72 34 2 153 154 222 116 156 94 151 137 93 8 -155 190 -181 -78 47 -95 22 115 -151 122 -18 -53 -151 -193 -187 -153 0
CC -5 -30 85 87 9 -56 91 -60 -100 65 64 27 -80 -39 70 -26 154 159 200 103 86 128 125 -5 98 253 148 181 11 39 210 158 -37 140 89 157 152 39 145 -87 -85 -62 49 38 106 74 -49 88 0
CC -35 -90 -25 91 -19 30 21 79 -47 56 -56 18 99 26 94 -3 92 30 95 128 -18 158 121 240 84 61 14 98 207 125 226 11 74 -71 127 115 -49 -143 149 -21 119 -145 183 -97 175 -188 13 93 0
CC 55 -44 -65 55 62 45 -100 75 87 52 -54 92 -1 38 35 54 190 70 54 131 134 188 42 96 254 116 -35 167 62 208 167 132 -6 -93 -161 -4 -133 99 7 58 -58 -43 -108 -41 30 -94 131 -126 0
CC -95 -87 -77 66 23 67 -22 9 67 -2 24 -55 86 -5 -80 16 -17 -81 116 164 167 203 13 135 128 165 196 82 199 74 74 89 -32 -59 108 125 144 -28 -165 -43 89 119 150 156 101 199 -57 -169 0
CC -60 -73 84 -74 45 -5 -49 53 52 -52 -21 46 -9 -51 74 -28 92 -12 264 -43 200 -5 90 87 58 22 46 92 22 6 228 22 67 193 6 -75 -103 -13 100 -21 85 158 -138 -125 -144 87 194 -53 0
CC -41 11 -10 27 -63 0 75 83 -30 -35 64 -50 22 52 -92 -16 12 17 101 186 -25 137 255 113 -26 41 151 148 62 171 65 41 -114 -128 -170 56 -77 170 153 162 116 -34 -28 178 41 152 143 -120 0
CC -46 59 21 -63 56 28 -42 -48 -96 47 79 92 -18 -19 57 -28 138 227 211 -56 227 49 53 151 -88 91 129 101 64 100 84 79 60 90 47 75 -37 -87 106 25 -66 -57 128 48 38 46 -183 -161 0
CC 37 -57 -79 55 -49 79 -73 -83 -37 -19 -28 58 -56 -10 80 -28 155 113 47 129 4 276 -41 30 33 123 52 133 -8 146 87 110 134 -66 -106 90 140 -99 183 54 82 -59 59 -171 -92 -18 -13 185 0
CC 73 8 63 97 38 98 79 -13 -79 -91 46 15 97 2 50 -71 190 142 261 176 141 159 185 183 50 -90 173 50 295 197 184 13 17 130 -47 47 79 -45 155 111 -82 -144 173 -92 106 -63 -160 53 0
CC 36 -8 -97 22 30 -44 64 -78 11 3 56 16 -76 -87 -49 69 99 95 27 107 213 54 112 72 111 85 74 126 -10 53 21 147 -41 -92 -163 38 165 -199 -49 99 33 -83 132 35 160 197 181 -121 0
CC 22 -75 24 9 78 11 -2 -42 -44 89 -32 48 30 -88 77 12 64 -59 103 191 217 18 181 154 155 209 10 116 174 -34 109 155 -121 30 82 -36 183 -155 63 -197 -174 104 -101 -85 147 -71 -132 27 0
CC 9 73 76 54 -41 10 77 24 -46 -26 2 -36 -29 81 -41 32 51 125 136 103 29 180 177 136 -5 127 65 152 135 152 89 72 -190 6 -42 78 -127 -59 37 91 124 19 13 18 78 80 102 -128 0
CC -75 -37 6 -70 -98 -85 -67 -36 -4 98 -78 46 -14 -32 -96 6 94 57 154 -48 -22 56 97 109 152 187 -12 127 174 138 76 146 -76 188 30 135 150 -62 -145 -74 8 -200 169 -137 -189 -14 -186 155 0
CC -55 0 78 86 86 55 71 82 20 35 -58 14 -18 -93 73 58 118 189 163 169 191 58 161 240 134 56 -40 132 30 -59 245 137 -129 16 -75 166 32 114 -146 24 -3 -63 62 -148 -111 173 -170 -166 0
CC -76 -22 2 -49 40 55 59 -52 -79 -96 -62 14 0 -99 23 -37 -26 163 59 143 227 108 194 43 -11 82 -60 94 135 87 102 -3 76 34 -51 122 -60 -190 -142 -156 -184 47 -102 83 -60 -115 -176 -123 0
CC -75 -65 -21 -53 -5 93 -72 20 57 81 -90 75 -66 14 73 -66 118 128 146 118 156 120 55 101 61 101 107 108 46 174 80 86 -188 59 -72 -142 -139 -59 -172 167 -154 -168 177 170 137 60 21 -200 0
CC 27 56 23 21 5 -18 -96 -6 54 28 -20 60 21 -61 28 67 207 108 185 116 111 63 19 24 57 217 96 84 120 111 105 226 80 161 -83 -111 87 120 -16 96 -97 -145 187 -160 -46 -151 -45 188 0
CC -13 -28 68 -28 -21 -33 -41 -87 -86 70 58 -86 0 41 -81 18 103 -18 184 168 56 4 70 63 -56 268 95 -25 30 95 52 170 104 86 -111 -122 146 -29 22 -5 -128 -16 -100 -138 178 175 -148 -159 0
CC -59 -37 -90 -17 -81 -29 33 -37 -62 -58 -16 -64 -9 28 15 39 104 139 101 96 -58 161 123 -5 -59 15 98 66 131 203 209 104 152 54 85 35 -176 86 -132 122 7 -88 -125 52 -5 -140 35 25 0
CC 77 -55 67 27 -61 -34 -30 -35 -23 13 38 -94 6 62 -9 -14 227 -41 119 74 22 37 84 7 86 14 216 -70 149 132 52 114 116 -100 -97 -71 -157 125 -134 193 188 -195 -44 122 -74 173 56 -72 0
CC -88 -70 -77 63 21 -71 51 -23 -97 -41 39 34 23 73 -27 3 110 -54 16 221 118 -16 165 53 22 -36 208 233 198 163 -16 43 -6 -163 -102 -101 30 54 197 -180 -167 -39 -88 -72 -27 -116 -67 -12 0
CC 9 -42 -22 12 -75 -11 -83 43 -73 60 0 -97 33 83 42 -30 152 -21 2 47 52 2 5 104 13 201 2 -36 124 238 223 40 102 -70 49 7 176 128 -145 145 157 -51 -107 66 42 29 108 73 0
CC 50 -95 51 -40 61 -46 -28 14 -4 -96 -22 91 18 -16 43 -96 90 40 213 34 235 131 35 212 136 -86 139 209 87 65 86 -47 -39 175 13 107 -91 122 14 -31 102 173 165 -100 -186 40 14 -56 0
CC 27 -7 -38 65 -10 -93 7 -27 13 -21 -77 82 39 88 -52 -80 149 181 46 106 61 -79 92 142 125 95 118 170 142 108 10 -11 7 -43 97 -141 -28 91 112 -6 189 38 160 -99 -63 178 1 16 0
CC -37 76 22 11 49 -38 63 -48 -69 84 52 -95 -73 -35 -80 22 91 229 88 156 170 65 106 135 -38 88 119 100 44 145 50 166 101 22 86 -46 -50 190 45 -135 -121 148 -172 181 199 97 18 73 0
CC -36 10 27 -93 7 -12 -79 -79 -30 -12 13 82 -66 -31 9 20 23 121 121 -14 38 25 -63 -45 24 116 205 136 116 110 9 108 68 -148 -117 -161 59 54 -76 104 -14 -118 -59 -147 -53 26 -190 -1 0
CC 26 -98 -41 -55 28 -31 -26 -78 -100 -90 -91 29 30 38 -27 53 88 -63 64 90 86 9 48 18 57 -13 -88 35 95 100 115 217 -33 1 -145 -65 -120 -66 68 -39 -38 2 64 99 -44 -99 160 152 0
CC -60 8 -30 84 86 -97 -46 -89 12 -76 29 8 35 67 80 96 -22 68 -17 107 271 17 150 45 172 -11 134 174 223 239 190 161 -21 75 32 61 16 -26 191 6 -52 64 103 115 -72 -96 -159 -45 0
CC 23 14 20 -79 -15 40 -92 -12 92 -67 40 -56 -66 84 51 -76 143 145 215 93 86 201 4 3 287 76 106 125 -13 158 163 -24 -97 -162 150 -185 121 39 -173 -1 -139 127 -153 -70 77 -151 -98 63 0
CC -37 -10 -11 51 -70 -23 -93 -16 -14 88 -96 63 -10 -89 -24 60 23 139 82 130 -51 -8 -92 121 75 153 33 82 51 75 170 131 159 -26 169 65 -69 64 -130 -104 8 13 -175 -74 20 51 -178 -162 0
CC -76 -54 43 51 16 42 -32 -60 -9 14 4 -5 76 -2 -14 -98 -46 12 147 144 65 54 22 6 133 116 83 120 144 170 74 84 -9 -71 -30 35 -84 136 -51 -87 -141 -118 112 -70 -165 -120 -71 -107 0
CC 38 -61 52 -89 -7 57 -12 -25 55 -16 77 25 -9 -100 63 57 41 -18 139 -88 50 161 69 106 72 4 187 175 45 -82 126 78 -52 14 -92 163 -158 119 -12 -88 152 -65 138 133 -180 21 -170 -65 0
CC -24 -84 28 -19 -84 6 -61 -40 -67 -36 99 67 -34 83 -28 -76 37 52 71 108 -28 140 -36 137 25 -35 177 161 141 91 148 6 16 99 117 89 -1 -99 -92 126 189 -38 -25 -89 154 33 90 -24 0
CC -23 85 11 -47 -85 91 -46 61 46 88 64 18 -99 28 5 -36 98 218 178 136 97 240 -31 212 221 239 93 184 -69 111 55 5 -47 131 -25 -23 7 -147 28 -12 -36 -154 -80 -147 172 155 -63 38 0
CC 18 -2 -61 -97 -50 22 75 0 -45 45 35 41 -50 -13 -25 -56 66 7 94 47 10 200 206 60 72 227 87 143 91 132 122 -35 6 109 -116 188 17 135 165 48 -101 -108 140 101 9 105 165 -104 0
CC 79 -3 -3 48 -59 33 -65 96 1 -34 62 90 -71 86 -23 72 275 45 101 49 77 111 15 263 43 52 80 205 -59 247 131 111 27 -113 -43 139 -57 -3 91 -12 87 108 104 -95 9 -38 98 128 0
CC 70 -39 -99 -12 96 -48 57 18 -20 79 -41 -32 97 20 -19 -39 144 -17 24 130 200 -2 133 32 24 95 145 167 249 60 17 50 9 128 171 -191 179 94 59 172 78 117 144 -34 -110 -168 -112 -65 0
CC 7 18 -10 20 -62 82 48 90 74 -37 50 -35 46 20 -38 90 53 135 187 148 126 90 205 119 185 87 233 67 190 85 65 175 -37 129 -27 -10 -72 80 -168 -127 61 -50 -51 -134 -185 144 -116 44 0
CC -78 -45 -20 -7 96 45 63 30 -74 10 7 -39 -56 -9 -87 19 107 83 82 110 163 129 94 133 91 165 185 146 -39 101 19 22 -198 183 46 170 -46 8 -48 -31 72 109 -153 175 -171 147 -34 -197 0
CC 27 -68 -99 -74 -13 -14 -39 -57 90 8 11 45 -66 -12 -2 89 145 -19 -24 64 32 44 63 136 249 86 17 235 125 157 55 232 34 -63 102 -191 139 -124 -107 -44 -138 18 136 137 13 103 -100 158 0
CC -34 11 -33 -18 0 -64 74 39 94 -54 56 68 26 95 91 -4 123 11 109 32 162 -5 120 173 278 120 248 123 149 252 148 41 12 158 117 -5 -47 143 -113 -144 -87 9 166 -82 60 -90 -128 84 0
CC 92 -21 35 -99 62 28 -54 6 68 -59 25 -93 -29 -28 99 18 263 41 91 -45 72 207 3 59 264 33 61 22 -26 -24 265 64 -70 64 49 175 119 -26 -151 -194 15 61 184 -153 55 110 -128 3 0
CC -55 -6 -47 -32 -19 -82 -35 -28 34 -93 -90 -77 -11 3 62 5 -11 96 23 31 121 65 136 15 229 -28 20 80 -1 33 126 87 61 -134 62 -94 143 10 13 -183 -65 -67 -23 -121 150 13 106 -147 0
CC 15 -19 -50 86 19 -51 28 -70 96 2 55 32 52 19 51 -6 114 104 8 103 198 -48 72 78 206 169 89 147 218 123 226 18 -176 -180 -185 80 -57 -100 -138 44 -92 142 -7 117 -25 -8 -77 126 0
CC 46 60 -95 -35 60 53 -30 97 41 -35 43 -34 37 -30 22 -91 151 195 -12 150 153 230 99 97 192 11 187 71 99 49 61 54 171 -129 133 100 -66 -198 120 -176 151 176 -167 -80 -196 189 -166 11 0
CC -89 -17 -41 -90 38 71 -8 -52 89 -76 87 -68 24 -28 -34 -95 78 148 65 81 153 252 63 41 105 101 275 -45 106 64 -3 59 -108 -108 196 194 -62 195 57 -111 80 25 -7 110 -184 -60 7 -60 0
CC -100 -90 -1 31 57 2 -88 80 20 27 -32 -69 -12 61 63 53 98 -44 35 43 256 33 20 260 219 31 124 49 157 162 73 165 -189 -95 73 50 190 13 -153 139 -78 29 -173 26 -138 74 25 -143 0
CC 18 65 5 79 -92 88 -86 -72 2 -21 36 -95 -45 -45 -40 73 94 121 134 87 -16 148 62 38 75 158 133 -32 75 6 20 73 -83 -151 48 -196 -39 -169 1 -98 112 -24 -196 60 -59 150 -22 -162 0
CC -96 57 -41 23 -49 -45 -32 -91 11 -10 -20 -33 -32 43 48 -49 -82 99 55 198 15 -24 44 41 155 107 53 -2 58 209 65 -24 187 49 74 -147 -49 -34 -162 89 101 -99 67 -139 -43 85 -51 -30 0
CC -83 -93 -51 50 -96 -77 -15 94 -21 80 51 2 85 64 -40 -71 10 -39 115 58 -8 31 161 165 -1 151 92 50 134 64 116 108 199 83 27 96 -31 -200 91 -191 -22 -197 -152 -145 173 181 -179 -119 0
CC -70 -27 -66 -88 68 68 -77 48 -19 3 84 46 -72 -67 10 80 -54 -16 24 -17 242 96 88 177 122 125 236 223 -61 109 154 192 -190 -119 53 77 118 118 -32 -80 28 159 -24 -61 -19 -196 -22 -42 0
CC -1 -81 -9 19 -70 58 -3 -21 -17 -86 72 -52 -48 50 -82 42 87 -45 109 192 39 114 81 48 163 74 83 -22 73 242 -59 223 123 -196 145 68 -28 102 113 41 -15 -150 90 -74 -4 -31 -121 135 0
CC -56 10 51 -11 39 -71 7 4 -75 4 -61 62 -97 75 8 -47 -25 120 196 100 75 13 95 42 -67 107 86 71 64 125 149 75 -29 40 -180 -67 -56 -25 48 -7 168 -99 132 194 92 3 39 75 0
CC 80 80 25 -7 47 -69 78 -30 -75 -83 -8 -92 15 -70 -100 17 261 165 136 160 206 52 202 22 85 82 137 -14 18 -21 96 196 164 154 -85 18 -83 -73 -160 -158 -65 57 -162 -124 -61 106 -135 139 0
CC 96 88 -70 65 74 -87 -59 80 -14 4 -57 -42 26 54 -1 42 253 115 -65 87 140 -12 131 252 110 45 133 136 35 180 100 108 63 -133 -172 -7 91 -79 124 125 73 -147 -190 190 -5 169 -165 62 0
CC -37 40 -83 -9 44 6 -52 95 64 -100 -38 -33 95 -52 42 78 70 127 90 68 164 137 5 258 78 57 134 31 177 73 63 205 52 176 -100 94 84 -186 175 102 155 21 128 167 140 -30 42 173 0
CC 44 20 74 29 50 -70 97 -11 -89 -46 79 62 -41 -81 -60 -66 220 191 162 69 104 3 166 106 -78 143 212 67 138 27 -50 126 -18 -55 160 69 193 10 -108 -31 -10 -83 45 169 -143 -151 103 -23 0
CC -56 -12 -43 -53 16 14 -17 -8 41 96 25 23 90 -80 -61 44 133 19 -1 -5 196 156 136 165 206 295 220 106 182 11 -53 166 198 67 -122 -181 -96 110 -111 -50 112 -95 46 77 120 -80 -100 194 0
CC -46 -5 97 10 -85 -87 -9 63 -17 84 78 26 51 90 80 65 111 44 239 148 -21 52 73 165 125 122 122 165 188 289 94 244 148 73 -162 -162 -167 -131 161 53 13 -113 44 45 -13 77 93 -15 0
CC -66 48 -99 66 -47 -3 42 -19 10 56 41 -92 29 45 50 -52 4 81 -30 119 -16 107 103 -16 193 205 176 -9 65 47 105 100 67 -31 63 53 -103 -11 78 77 43 -178 93 -122 147 152 -64 -154 0
CC 89 -33 44 39 61 -94 -63 36 -11 -75 -77 -18 -3 44 -57 26 135 46 234 137 100 105 17 213 117 53 40 166 77 63 75 117 59 -137 46 147 -117 -34 -197 5 -139 -35 164 -157 -15 83 -126 73 0
CC -7 -52 -95 -82 84 48 43 -19 64 -61 -36 70 -46 -35 57 -87 121 12 58 48 237 236 128 162 89 90 160 114 4 33 61 17 -46 83 11 139 -144 192 -176 195 128 -181 99 163 -131 199 -95 93 0
CC -94 82 78 6 -23 76 39 60 12 -83 -38 92 -44 45 86 75 -94 163 123 42 30 99 68 107 16 -66 137 250 92 239 157 274 -70 112 137 40 37 33 -165 -144 -140 117 -83 198 -5 -168 -163 -188 0
CC 60 96 -96 -84 33 -50 -100 96 80 -83 -71 -77 12 57 72 62 150 147 67 48 179 88 47 188 110 74 47 -11 82 143 244 84 42 -111 93 -138 -10 148 -164 182 53 4 94 -55 -140 -56 90 29 0
CC -38 -50 -68 -63 -59 35 -67 -55 90 -20 -39 89 62 -87 73 -96 137 121 35 9 42 112 74 44 113 165 160 138 95 -65 136 54 -72 -180 -149 -192 -122 144 166 5 -23 151 126 97 -48 -176 78 155 0
CC 0 -81 -76 -99 52 -21 28 -19 5 35 -10 39 -14 -91 -32 27 135 100 47 -96 69 137 148 66 16 50 57 125 96 -28 -16 74 96 147 -30 107 58 -93 -108 -86 129 32 167 100 23 179 -4 -46 0
CC 86 -21 45 -25 7 -26 27 2 -19 -71 36 63 -25 51 -59 99 261 -13 111 -24 51 157 48 32 80 107 200 258 116 67 64 248 27 -88 -77 90 -42 -156 -45 18 -14 -167 161 -79 -13 141 -15 168 0
CC -56 51 21 -40 -55 -94 -20 -81 60 -3 -83 59 31 6 7 -76 -28 182 33 154 75 -49 52 -58 125 13 -71 174 68 103 149 25 189 172 23 1 117 113 54 -178 145 46 -173 158 122 -132 -50 195 0
CC -11 43 65 -38 -39 -12 98 -28 41 -9 -61 7 2 63 -60 -19 122 195 130 124 93 79 272 52 180 106 -56 107 68 143 33 114 -132 -157 60 -123 89 5 194 43 -63 190 123 -172 93 -145 187 -170 0
CC -62 84 79 17 -41 35 63 -44 -37 -97 -67 -62 -26 -98 -7 41 69 240 176 157 138 73 204 12 11 32 53 -6 10 7 157 140 4 36 175 -109 -152 -52 166 47 92 26 109 -135 114 -145 186 -23 0
CC -59 -92 -93 -1 25 -65 0 67 -78 60 37 -93 33 -41 -33 94 -45 -22 41 136 147 95 187 208 -44 187 157 35 168 -6 127 241 70 -74 -26 55 -73 -16 20 77 193 -155 -141 130 -184 153 -173 -60 0
CC 78 50 79 73 -82 -23 59 75 -20 8 -52 27 47 53 -62 -57 126 65 268 174 -43 175 143 218 -10 165 35 217 216 195 50 133 -73 20 6 -67 -195 134 -131 56 169 116 -84 -117 72 -26 165 163 0
CC 29 51 -93 76 -7 61 -55 -31 95 60 -24 23 -34 72 86 -12 130 128 16 245 10 157 140 69 233 194 39 189 140 174 281 145 47 -57 105 -138 150 -108 -139 -44 -132 10 -136 -107 2 172 141 -10 0
CC 80 94 50 70 33 97 -10 -56 68 -38 -48 89 -25 -96 -34 44 234 117 69 201 40 228 139 17 80 62 33 116 152 3 150 225 -15 -114 176 62 -122 44 18 121 -132 177 -69 107 126 -143 17 100 0
CC 89 59 -68 1 -22 62 -31 47 56 73 -27 -25 2 89 28 1 112 79 120 3 -16 258 -8 74 102 263 104 18 77 265 35 170 -151 -125 -113 139 -28 199 128 -172 -188 146 121 -59 -118 -164 43 -161 0
CC -48 81 -91 73 -29 45 -62 20 9 52 43 57 99 -61 -78 36 142 218 -46 92 15 164 -41 182 52 148 191 186 189 -45 9 68 62 -158 -112 -170 -86 -43 -168 -39 -32 -111 31 -80 -35 -16 181 -100 0
CC -55 -23 90 58 99 -70 50 16 -48 -67 -14 60 0 -16 63 43 -32 72 94 214 198 -13 58 16 -26 43 141 244 175 69 148 110 -126 188 31 -121 -172 109 -48 168 -193 -8 15 -90 115 23 123 132 0
CC -95 57 -23 -16 -24 -57 54 -79 -56 19 -97 -4 88 3 -21 63 -77 143 67 108 138 65 228 -21 -34 136 25 27 196 148 152 80 140 92 114 -176 131 -132 -5 -120 -83 -15 155 193 -117 -41 121 -5 0
CC -69 -74 6 76 13 -80 -87 -52 -92 29 -23 -53 -73 82 -94 52 54 22 98 88 180 -17 -83 7 46 130 61 57 96 227 -84 82 -30 180 -46 72 -54 178 -162 183 157 -26 49 -55 -163 1 -31 -16 0
CC -18 21 -44 -87 39 88 -15 23 -24 97 82 22 22 -88 55 -69 25 64 7 46 49 97 173 145 104 130 149 162 219 -78 157 21 -12 199 -62 191 -124 -62 107 4 -186 196 -9 35 86 -29 -19 142 0
CC 22 -71 86 52 49 40 27 66 37 -29 -87 -4 2 88 7 -55 150 -20 165 129 60 173 34 237 164 81 -55 58 2 240 60 91 131 5 134 119 -14 127 76 -162 -60 183 -89 -86 -7 -130 81 -33 0
CC 24 -100 -61 31 14 -75 39 -15 7 41 -40 86 -64 -39 49 -31 97 -61 68 31 179 -61 155 41 170 201 45 123 -36 121 123 21 -74 98 25 135 120 -66 134 -162 -108 38 63 -97 -16 184 -99 -85 0
CC 55 -11 27 -81 -91 -27 28 12 -52 49 -83 -100 92 46 -87 17 198 17 115 -52 -2 48 92 137 -26 96 -81 -57 263 188 65 42 -17 39 -46 -133 152 141 -30 82 108 160 -144 -164 124 153 42 -130 0
CC -89 33 -85 23 -16 40 76 -47 -94 -99 -77 9 -28 -86 -96 48 16 50 -20 37 15 224 252 27 -54 10 43 62 40 58 -68 168 -66 11 -10 189 -8 -13 -42 -99 5 182 87 -96 -79 -65 -81 103 0
CC 35 -6 47 4 -14 25 81 2 89 8 63 94 -48 49 56 -64 83 47 107 17 174 122 202 138 229 96 238 115 72 73 118 123 -169 105 145 -193 -73 133 1 145 125 -3 198 -149 63 -172 16 -135 0
CC 69 22 -80 -3 -5 -55 -52 12 -8 9 26 -35 40 7 14 -51 189 44 -68 69 31 127 134 100 188 41 179 41 136 200 54 -14 -61 75 167 7 182 4 -76 149 163 -97 -177 46 -190 34 -130 5 0
CC -47 29 -70 94 -3 -28 -30 -20 15 37 -6 90 73 53 18 -64 39 179 -28 245 75 67 158 75 177 200 10 187 201 127 141 131 -57 -17 180 -188 -82 -6 -158 187 28 65 -97 -147 -104 -153 77 -75 0
CC 82 -76 -89 91 -91 12 66 -38 -39 -9 -84 29 -11 64 -99 -93 148 22 76 146 10 103 83 84 1 19 78 215 139 157 3 -78 113 160 -78 85 53 -97 31 -143 -20 -25 -7 44 9 -184 118 -191 0
CC 10 -7 50 30 -43 -97 -53 -92 -75 -5 -44 -65 36 -71 51 88 143 140 58 81 24 51 137 62 32 61 132 4 207 30 162 202 178 101 -59 122 84 -177 125 18 73 40 -27 -80 -120 132 -1 100 0
CC 63 -12 -42 31 71 -4 -84 -3 -71 80 -68 22 -30 26 -52 -2 176 61 8 176 73 33 41 151 35 126 -59 71 29 169 62 161 90 -4 55 122 -102 -80 -109 -55 -144 122 187 -140 -137 -192 -38 -49 0
CC 70 -86 59 67 -59 -72 -60 3 -36 -74 30 -94 -63 -22 -87 9 249 -58 68 209 115 -23 59 48 9 22 96 -14 128 136 112 188 76 31 89 135 96 -55 156 -101 166 -71 60 -111 50 -8 -33 -184 0
CC -94 15 -86 80 -39 22 -89 -87 -94 25 41 -72 13 96 74 -81 -74 90 53 198 9 76 -45 35 -6 174 149 -49 202 266 257 24 87 -67 -70 -174 45 -123 -131 27 179 -90 130 6 -103 15 63 -130 0
CC -51 18 -3 -24 39 -31 -73 25 40 56 -74 -8 -20 9 -61 -23 17 100 85 -11 145 55 -73 173 162 150 69 53 90 148 17 124 114 188 28 -22 38 -139 -150 -28 -44 13 -118 164 -196 169 75 113 0
CC -10 -8 -83 25 38 72 36 -8 -39 -12 -98 -33 -19 69 51 -72 117 -4 61 77 116 242 39 104 64 120 -76 33 64 229 150 -1 113 13 -64 -18 -75 138 48 -13 17 165 44 -152 144 -3 -125 -2 0
CC 66 66 6 23 -60 -64 -16 -71 78 -95 -97 56 73 -7 45 23 226 118 72 177 48 112 41 107 207 14 -70 249 124 120 164 179 1 65 -80 -148 -174 -108 128 -112 139 163 -77 127 -55 52 -40 -64 0
CC -84 44 84 24 -13 62 -59 87 -61 99 -12 -67 57 13 -73 19 108 217 235 181 99 131 135 175 124 208 65 106 214 94 47 101 145 -77 -196 -87 140 -114 89 -184 88 -4 -12 -38 65 22 -113 -44 0
CC -95 -53 -85 3 -1 -60 54 -81 -58 29 -63 39 -18 62 51 -83 -19 10 -31 56 140 67 138 68 118 125 -10 91 50 185 226 -68 -98 -10 128 -11 66 -161 196 -170 -50 185 61 76 130 -65 29 -44 0
CC -44 -96 -66 37 -26 35 63 -7 80 -91 17 9 -97 -27 91 14 125 92 116 100 26 179 89 133 171 17 133 129 10 169 161 171 192 -59 70 118 123 -24 44 167 142 109 -122 19 -47 -183 21 -35 0
CC -10 -14 -46 48 -42 -12 -41 -87 82 -97 21 -36 48 22 57 7 110 151 99 203 -18 122 96 75 187 -78 83 112 202 77 170 160 143 83 -26 82 -50 23 -70 126 148 -95 25 -10 -65 42 67 -47 0
CC 30 -88 -10 -62 43 68 10 98 -60 -41 64 -94 14 75 -44 2 195 90 102 5 231 121 163 173 -28 51 238 45 43 95 119 86 -158 -44 -139 -120 94 -5 -51 -196 -131 -177 188 -82 182 1 -58 -53 0
CC -3 -53 -97 -27 -52 88 -42 92 93 -13 -66 34 -38 -78 78 56 191 139 88 169 109 207 -8 101 110 59 103 202 134 119 275 193 -100 -25 -40 4 -22 -83 99 119 34 118 65 9 194 -57 -96 -25 0
CC -74 -23 96 -70 1 66 75 22 -35 21 -4 -90 33 77 42 -24 73 116 180 102 7 159 230 151 72 36 189 -20 51 78 144 -4 -39 -77 -108 164 134 -98 -174 -25 -28 61 8 147 -168 -44 -86 -193 0
CC 30 9 -16 -91 -30 -21 -74 -90 66 -19 -60 55 98 -47 23 38 225 78 118 -36 74 45 77 38 136 79 121 145 224 88 29 123 162 -157 -98 70 63 86 104 -143 159 -21 -73 -4 -69 138 -6 60 0
CC 76 -67 -10 -50 81 8 5 88 -22 -27 -15 -3 89 51 -88 -94 139 -41 134 -25 99 181 128 264 29 163 103 148 131 95 -63 -8 11 -60 162 -139 -158 84 10 146 -96 -11 -196 -170 175 152 170 95 0
CC -10 1 99 3 -56 -52 -69 58 -38 85 -20 -49 99 98 87 -54 133 84 260 189 16 69 41 119 -12 269 55 79 226 280 113 -28 19 -5 -153 189 107 -189 -147 49 -174 64 -193 -158 -196 142 14 -65 0
CC -91 -38 -37 -10 54 14 56 12 -45 -31 57 54 65 54 28 28 -82 81 145 109 205 17 210 164 46 106 204 215 90 121 49 163 -3 -189 -163 -27 -152 -72 -145 -11 -185 42 -197 -77 -143 -24 79 34 0
CC -43 -36 -46 -31 -37 -33 42 99 27 58 93 33 -26 -43 78 98 1 120 -35 2 153 63 104 115 123 83 175 131 126 131 115 154 -12 -60 -169 -79 -180 -19 158 -23 199 -114 -118 -161 2 -165 177 74 0
CC 32 -58 -80 71 -91 -8 -17 -15 -27 -98 -24 16 73 -22 -92 72 182 91 -52 258 89 105 122 182 100 -20 138 20 249 77 17 73 -112 56 -47 -70 -188 -90 15 189 178 -13 137 -161 67 -146 186 52 0
CC -18 -51 -62 -83 56 -7 32 52 -94 45 97 88 -19 1 99 -41 66 70 132 114 81 87 99 149 11 122 208 249 132 121 175 129 -9 -60 68 -102 60 16 -7 -108 153 154 190 112 -142 -193 -167 -121 0
CC -25 -80 -35 -82 73 15 79 -62 -55 -70 9 -93 54 -46 35 28 29 -74 130 28 180 62 207 -33 125 -31 76 -6 206 77 83 191 -54 -5 -100 -71 -160 153 57 -23 54 176 -18 141 -94 16 -125 122 0
CC -19 38 -32 -26 -50 84 25 -69 99 -26 49 4 -12 -95 62 85 124 171 98 87 124 266 161 74 177 -20 89 134 186 -23 136 96 3 184 -35 -44 23 -137 -33 -110 -62 102 197 -118 12 125 -100 -166 0
CC -52 -84 6 97 -49 -52 -18 -6 -80 -28 -42 80 50 98 -96 -49 84 36 125 243 -2 99 173 191 79 68 55 193 221 266 75 122 122 17 48 -146 46 129 -121 -96 178 -59 78 198 69 167 14 117 0
CC 32 -89 15 -54 87 -35 -85 -63 -96 71 -60 1 59 28 94 56 85 59 135 90 89 99 -1 -29 -57 113 114 186 112 127 180 160 109 58 -183 -135 -38 -173 -1 119 43 -186 -132 16 88 -168 34 120 0
CC 84 35 -94 -51 -36 -16 0 88 -80 -94 26 -17 -25 5 30 28 203 143 -29 137 -8 114 89 106 84 26 82 126 125 156 197 79 5 -161 30 72 198 136 -11 88 174 30 102 -190 -125 15 -156 -74 0
CC -36 -47 -7 -80 -50 52 15 90 58 -98 -20 -53 85 -14 -40 -9 67 -4 8 -59 50 187 25 158 256 -20 75 47 279 0 24 160 167 185 -99 22 30 174 -124 179 -53 -50 6 49 65 -162 138 -174 0
CC -83 -7 -28 71 -26 -20 29 46 85 -25 1 -10 94 -51 34 62 1 19 156 209 -8 -2 32 87 187 168 11 45 173 0 111 219 -164 -96 -146 133 -172 -72 -78 88 -95 74 110 136 -127 163 -66 -48 0
CC -58 17 57 -38 -12 98 -13 12 -25 -91 13 -80 69 -81 -85 72 -20 202 179 159 39 239 74 100 -3 45 192 -32 74 -13 23 131 155 148 -150 195 -43 12 -108 95 -28 129 -33 104 -174 176 27 120 0
CC 37 -71 -24 -52 29 -52 53 31 7 -14 58 18 18 40 -1 89 183 -61 13 -5 141 81 155 152 95 -1 208 149 25 47 135 225 159 -152 -178 159 90 138 143 163 72 131 -171 39 -124 -125 188 -79 0
CC 27 -77 86 -90 41 70 61 90 -83 57 -70 -95 -46 91 41 93 68 96 118 29 70 217 126 96 -26 104 56 54 42 189 233 207 175 -104 137 -50 -100 31 190 197 -115 -179 -137 36 -132 -61 169 68 0
CC -76 -86 63 -52 -31 -16 -28 41 -68 53 -78 8 52 -47 -98 -71 0 -68 250 45 96 69 111 123 107 221 114 166 173 74 44 -44 134 -108 149 -52 27 -24 16 115 107 21 49 -181 -193 -96 183 -132 0
CC 57 74 -59 0 -27 23 -6 1 57 41 61 -27 -34 -65 71 -48 156 266 -34 130 125 35 158 19 77 42 219 57 43 112 122 78 159 -159 168 136 -120 -162 -89 -168 -25 -46 53 -154 -177 -47 58 70 0
CC -58 54 38 -35 -81 -75 -77 98 3 61 84 71 76 53 -17 23 -38 128 221 41 -43 -12 52 262 91 201 266 159 255 249 -1 216 -13 -195 -23 -22 -112 -75 2 -20 -17 -139 33 107 43 -81 109 172 0
CC -52 -49 83 18 79 -88 -28 15 -66 -4 -32 22 -7 51 2 -65 -36 -35 200 49 94 50 38 34 -12 173 -6 51 157 133 63 8 54 -182 106 198 133 -27 152 -51 -83 -138 -122 -156 -87 -56 111 -199 0
CC -92 13 -38 31 93 -77 -33 32 -23 40 42 -91 -52 -8 14 -34 5 25 161 126 208 -39 50 218 65 163 126 106 -41 86 101 76 -133 38 92 22 0 -171 -7 -173 -112 -87 -189 175 -26 -131 185 -25 0
CC -53 92 -81 7 73 36 11 -14 55 -8 -33 -23 -26 59 19 64 76 153 9 190 198 122 97 117 100 56 78 81 97 242 175 156 58 -156 85 8 44 -159 -196 98 -15 -153 128 190 32 15 92 -21 0
CC 57 62 -88 98 97 26 -32 0 -32 60 -9 9 -91 55 17 91 212 103 61 139 158 116 84 75 115 123 11 143 56 152 63 263 -183 -52 146 -190 121 25 -99 -116 -8 -164 191 33 134 175 188 79 0
CC 68 -31 53 45 81 25 58 -56 -81 60 91 86 61 -65 72 -18 260 14 166 118 246 51 93 87 -21 63 263 127 208 27 98 133 195 23 122 -15 -43 44 143 -8 38 163 -45 0 65 139 -144 82 0
CC 26 -79 -87 -97 66 -26 -74 -8 83 -61 21 42 55 80 60 61 87 26 -11 91 245 92 -43 59 122 60 220 62 88 117 215 242 69 -188 25 -172 -200 42 141 33 11 114 127 -16 13 -199 -19 51 0
CC 55 -4 -19 -55 59 -13 -29 -16 -62 -81 -30 52 -46 -57 5 67 63 48 16 -29 206 76 167 112 27 -79 79 57 -8 26 200 149 -118 149 189 110 110 82 -132 57 -188 -6 -46 6 -7 19 -82 -41 0
CC -50 -30 27 -9 -63 91 49 -6 13 83 43 -49 -13 65 -56 -19 55 112 207 142 110 168 180 168 45 234 44 -26 137 107 23 4 156 -164 -75 -73 36 193 184 -133 -138 96 -46 96 28 -21 104 181 0
CC -74 -90 -70 -56 -7 -53 -5 -25 -46 58 -9 -96 -56 -33 -58 71 50 -71 14 12 4 -39 96 -7 17 154 113 -11 11 30 98 226 113 -161 71 -177 176 0 -98 -56 176 -49 -125 94 -69 -1 -38 176 0
CC 23 -75 22 -50 -99 -72 -25 -94 -95 67 -5 -24 24 87 -2 32 73 50 153 -9 34 17 60 11 52 137 188 147 69 134 46 60 -171 -152 -137 159 -167 70 137 1 -43 65 -85 -7 76 118 3 92 0
CC -98 -8 -7 -98 -33 35 -20 56 -74 -71 -26 56 91 -23 -66 85 5 101 59 87 -1 144 13 229 -3 84 132 106 186 26 51 89 -70 -165 134 5 -50 73 118 -35 165 -6 49 111 -23 115 147 56 0
CC -90 -19 98 64 10 11 -78 52 -33 66 -77 -83 84 -78 68 -76 -6 173 117 64 84 41 95 103 52 88 108 -17 148 102 158 78 -158 -33 38 -54 104 -94 -47 2 -129 75 -89 104 75 75 -50 132 0
CC -18 -65 -62 -39 -11 -100 -44 31 59 9 93 -49 12 -89 -16 90 158 63 85 75 78 6 46 95 244 170 137 30 81 42 156 262 -142 -91 -54 121 -94 -28 -12 -31 59 13 142 -178 122 -164 -123 -17 0
CC 14 2 -77 -17 -52 42 65 -13 -25 52 -13 12 53 80 68 -100 195 66 -54 67 -22 123 211 96 168 187 -12 67 132 194 182 -43 -175 89 74 36 32 -137 85 -32 140 -88 -155 -90 -115 -30 0 33 0
CC -85 0 -32 -92 -27 18 80 -34 88 88 73 5 45 31 -97 25 89 13 56 100 4 113 80 146 188 188 141 173 234 228 -75 118 131 40 33 120 121 177 8 -78 36 -107 -133 -168 -80 64 47 -58 0
CC -46 -38 84 72 -34 -15 18 90 -93 -46 49 -56 19 -5 24 72 27 53 163 91 111 35 165 120 -59 113 214 123 182 130 177 263 -57 -125 -24 28 96 17 6 -45 -22 71 -104 -12 19 191 -64 -62 0
CC 89 47 3 -19 4 -100 40 12 -45 43 -19 18 86 -60 -47 -69 150 50 13 -2 122 62 121 141 -40 220 100 84 255 -58 59 -10 37 68 -98 -187 178 -43 72 -41 65 56 -131 72 35 4 122 84 0
CC 40 -88 24 89 97 -82 -10 -23 -67 55 91 -39 -41 -37 -56 -4 239 -25 142 150 191 -69 141 169 -22 84 260 95 -31 114 92 162 -83 -154 51 -19 -100 -34 -112 -110 197 8 -41 -177 -107 -45 1 14 0
CC -38 2 93 42 50 9 -16 30 -15 -62 -47 23 -67 -8 -71 -61 -30 40 164 221 220 192 27 136 135 136 -35 138 41 -6 33 104 118 110 -93 -64 -142 -56 -46 105 -195 -77 -69 -79 193 172 94 78 0
CC 83 -11 46 3 -74 9 -69 76 48 -58 20 93 72 1 80 -28 133 169 63 58 -14 144 51 89 242 -25 188 102 179 11 268 21 121 27 -71 -73 139 -194 -134 -132 -28 -62 140 -128 41 48 61 -4 0
CC -70 -3 65 -10 80 -28 44 37 85 98 95 -36 46 74 -17 -36 10 5 221 141 103 141 185 232 212 297 125 43 242 160 1 54 117 82 76 109 -171 -162 -55 107 95 -56 177 -15 94 -3 20 -11 0
CC -46 51 -42 53 -51 -74 64 -90 -93 -73 69 -48 30 35 -8 -69 -12 174 67 112 -45 -4 232 52 84 -32 164 -2 86 196 3 120 131 78 5 -195 187 18 -186 101 119 162 -52 72 -67 192 199 -179 0
CC -51 -36 17 88 50 -1 71 -44 -52 99 -79 63 -53 9 65 -32 102 79 139 238 121 122 76 96 133 115 -61 145 98 148 107 109 190 -116 62 -145 103 149 158 119 130 72 177 -107 -185 117 188 -137 0
CC 69 27 -53 29 -99 31 -76 -61 57 -3 61 81 -6 -60 7 -61 133 99 67 149 -6 87 27 104 187 147 132 232 144 19 40 103 -132 -39 146 -86 -68 166 117 9 -149 144 -40 -168 152 24 -131 125 0
CC -94 -25 -16 35 -69 91 -77 28 4 74 -1 -20 -74 2 -20 -18 94 154 72 221 30 171 98 195 78 140 71 79 110 73 83 76 29 194 -124 178 -151 0 150 182 -33 -117 71 2 91 -123 176 -192 0
CC -18 85 19 -14 69 92 94 -63 -34 94 -97 -10 45 -73 74 -2 52 235 73 166 101 204 233 130 40 250 93 165 91 59 127 43 135 -145 -71 -53 -29 -129 -145 -74 -19 -124 -102 48 54 35 -181 131 0
CC 69 -76 2 -16 12 -90 -90 -84 -49 -78 54 28 -4 38 -12 81 261 105 50 26 57 -2 -57 -72 90 -41 60 210 32 110 172 227 22 16 42 150 140 -132 114 199 -148 50 194 175 23 66 -137 103 0
CC -99 15 14 19 69 63 -10 14 32 47 -49 40 -59 -66 11 -1 9 140 142 170 126 248 24 186 45 193 98 102 70 -18 180 83 137 -99 40 -123 -165 -31 6 78 -185 113 22 99 -173 -22 -13 173 0
CC -32 -26 5 20 85 -93 6 34 -36 -48 77 36 -81 -32 -38 -96 142 14 177 140 208 -30 62 124 -34 53 198 232 -28 93 72 22 -193 -69 96 -158 -59 -44 -115 85 54 90 -136 -95 29 -99 -176 87 0
CC 60 97 -18 -12 78 94 -1 29 -70 -45 -6 90 77 65 59 22 236 159 61 119 138 290 166 64 28 57 8 101 170 198 170 127 -56 34 -12 -159 163 -89 164 89 -1 69 -154 60 139 -178 -118 -170 0
CC 85 1 90 41 63 61 -79 13 35 70 -100 50 36 71 -39 -88 242 39 158 116 185 173 -38 20 201 110 -75 128 104 232 85 -51 198 -15 83 137 -49 -38 7 -60 3 -139 18 -144 -124 104 26 90 0
CC 27 -14 -73 82 -57 -39 -31 46 -50 -72 18 -98 -7 2 3 29 86 158 -14 111 -27 93 -11 190 -45 97 66 37 107 98 143 182 132 -109 -191 -151 26 -96 124 37 -86 151 162 -114 146 175 -43 -110 0
CC 85 9 -1 -87 64 27 -87 11 -13 96 -62 1 -41 -77 8 -11 108 130 122 64 85 51 30 183 62 101 80 5 62 39 40 148 62 6 -37 133 181 -132 182 79 19 124 147 68 143 -106 -132 92 0
CC 10 -8 71 42 -33 66 87 30 77 -55 37 -50 84 45 -37 -25 135 28 146 114 77 229 110 228 183 92 94 100 157 213 -2 -24 161 133 -39 -82 60 -136 -33 35 68 -21 -144 93 120 192 -145 170 0
CC 40 -41 -53 15 -54 3 48 -32 -87 -32 90 36 -21 -19 -70 -64 180 30 -5 108 128 35 216 33 41 124 186 143 133 2 -50 59 145 -57 -151 197 -194 -92 -18 150 -63 90 31 54 -98 -53 129 -39 0
CC 45 -21 81 -30 60 43 97 -49 98 -21 93 -25 -78 -50 86 -82 116 118 233 142 223 142 227 -38 139 9 220 -19 61 -41 255 -17 82 -53 28 184 32 139 -154 -181 -161 -38 -15 -123 -19 -94 69 -80 0
CC 10 8 27 67 -19 -81 -4 -71 35 56 -24 -69 97 56 -2 66 72 74 91 211 70 83 182 118 210 202 32 47 140 218 194 81 2 -34 159 189 116 74 13 -26 -104 -39 -25 41 -94 -198 -109 7 0
CC -59 -94 33 -71 90 65 -93 -35 -81 -38 -31 66 -47 -33 -73 47 4 -2 61 113 103 109 100 114 -34 -24 -24 231 51 94 -4 82 -55 -114 -186 -40 168 84 79 -158 190 -195 -132 112 -60 -123 90 -114 0
CC -69 10 4 -6 -49 -29 84 -24 5 47 -67 -36 -55 -75 -81 72 125 21 186 190 -32 154 120 79 135 76 -7 87 124 -49 -4 173 -121 -20 -172 -6 1 -82 17 -104 166 153 147 110 44 40 -143 40 0
CC -10 7 -96 22 -25 74 -16 -20 20 29 69 98 31 -2 42 99 27 120 -77 188 127 90 -3 18 29 210 141 229 118 7 126 157 -123 132 -185 44 -143 -20 -89 137 167 20 57 -78 141 60 164 132 0
CC 31 -57 32 -49 -29 28 -49 44 56 20 -47 99 -13 -67 13 -36 125 117 78 126 68 75 81 72 227 190 7 196 168 -34 117 149 146 136 -54 127 -49 35 122 84 -32 -21 25 -48 -2 126 -177 -178 0
CC -1 74 -42 78 9 35 -61 89 15 -10 13 -34 -53 52 79 8 35 254 95 87 71 48 40 223 214 54 128 55 46 130 266 82 153 -19 -48 75 129 178 111 -56 -199 -14 -178 -46 -157 -195 -133 -167 0
CC -62 49 -54 -53 -67 -93 13 9 14 81 66 -48 -75 -55 -67 36 51 152 116 8 59 99 204 152 88 263 238 26 45 112 85 147 134 20 -180 36 151 -7 -108 -30 -90 -64 -198 105 -173 -160 166 -90 0
CC 29 -78 92 -46 91 93 -50 -71 -30 -64 47 -99 98 -78 81 12 53 55 139 135 238 93 -25 -49 25 127 120 -4 137 16 118 194 102 -3 -128 6 -69 5 -75 44 196 -141 83 17 16 197 145 97 0
CC 17 94 -62 86 -55 -20 -3 -34 -37 60 -43 31 -73 30 -75 44 201 107 21 206 -36 0 167 159 89 98 112 132 18 107 -1 198 -78 -56 -49 -106 -33 -186 54 -100 -63 71 -145 68 -48 -176 -157 -185 0
CC 59 -87 -35 54 -75 -20 48 0 -24 19 34 -28 -98 -89 -43 -41 63 -65 2 252 -68 71 166 49 2 189 115 18 13 -24 -1 81 -15 -70 -144 -106 -199 102 145 22 48 155 111 85 122 120 -120 -29 0
CC 13 -41 -67 -66 41 -96 -11 -89 32 64 35 28 -81 -61 -70 -45 84 82 -67 5 199 86 125 58 37 80 116 120 -3 51 -17 12 41 -110 -132 191 72 71 -66 -200 194 117 140 15 167 -161 149 131 0
CC 26 -40 -88 -93 -24 -84 -69 51 90 -9 74 93 60 -16 -76 98 172 69 105 64 20 89 75 234 256 12 173 252 184 67 83 225 -133 167 -28 -60 21 66 -56 -144 61 70 168 -123 -129 180 -175 198 0
CC -36 -92 -84 -23 -1 -33 -4 67 48 25 -25 69 98 94 -90 26 74 -31 -81 71 19 -19 170 126 83 58 24 78 123 148 15 198 94 77 43 -184 115 -125 151 -166 -55 72 -18 44 199 94 -86 128 0
CC 53 4 -10 -65 -41 93 89 89 -65 1 82 -63 3 -96 -57 80 74 192 78 -52 -1 102 97 91 -53 91 125 36 144 32 82 213 -145 114 101 87 -64 98 -125 -118 -13 112 -67 -127 -86 79 -80 129 0
CC -70 5 87 27 -61 24 97 11 91 -37 92 -66 25 33 -68 -22 52 68 185 27 121 195 123 41 165 -31 280 27 58 193 83 53 89 91 56 -102 94 145 87 -33 107 -160 114 178 -172 28 162 -115 0
CC -77 10 -22 37 77 -57 -79 -50 -70 45 82 -6 88 -40 38 -96 -53 98 9 131 115 15 71 33 -3 142 203 177 101 110 117 27 -89 94 -80 -122 -134 -89 144 -144 159 34 -189 99 -70 176 14 87 0
CC -33 64 -80 32 66 29 -72 10 -14 -47 40 29 53 -55 -65 -3 63 162 1 58 74 83 122 64 130 101 208 161 205 29 -62 81 -163 -128 -108 189 -90 94 107 -190 89 -36 -139 111 192 -30 -69 137 0
CC 43 -97 -87 2 -33 -20 91 36 -42 89 27 -89 49 -68 -84 19 108 78 -73 69 126 20 284 227 136 164 46 85 236 -27 -24 159 132 -62 83 183 -49 83 188 -176 -21 -136 129 56 22 -111 -200 192 0
CC -97 43 67 -1 63 -56 0 23 64 17 9 -53 76 -65 -82 23 -13 215 97 19 162 6 11 219 228 100 47 128 177 87 33 134 -14 -71 107 182 -47 127 -86 -92 -32 109 145 117 147 -81 170 32 0
CC -97 -31 77 46 -93 52 -31 68 -12 -90 -57 -61 -69 39 -18 -36 66 7 80 118 40 185 30 165 55 100 136 2 123 177 127 13 -4 -8 -44 -9 -18 -85 -184 168 -165 -102 -138 -100 55 -73 -187 -54 0
CC 80 48 -31 -44 55 -83 17 73 0 13 -89 71 -73 51 -83 80 150 87 48 45 187 40 123 270 80 157 -13 96 -27 153 -26 154 7 -144 -77 -134 11 26 19 157 -145 -144 127 118 -3 38 123 46 0
CC -93 -74 35 42 99 26 96 93 83 6 5 -90 -36 99 -22 37 51 43 204 77 145 43 293 241 200 55 61 -8 134 211 89 226 -95 -98 182 79 107 -116 130 -15 42 -131 13 -118 51 38 37 -146 0
CC -78 4 -11 32 53 66 -52 -49 -10 27 33 37 -60 65 87 -35 107 134 55 204 82 257 4 6 75 201 229 138 82 91 266 62 -197 103 -28 22 78 -87 -117 -53 -189 -200 138 -180 -114 -189 192 -16 0
CC 30 65 13 24 -24 66 87 -75 -64 -71 65 57 56 92 -50 -91 175 214 52 142 -21 158 172 -25 -27 -17 250 159 71 231 118 43 -8 199 84 -142 7 60 -198 181 160 -142 155 56 -105 165 169 -139 0
CC -31 -76 -95 17 75 -17 39 87 4 -75 -13 85 34 -29 -37 92 42 23 40 133 156 21 233 273 193 75 159 281 187 41 161 125 -54 148 -15 -8 -71 -169 -153 -62 106 193 -134 -35 53 169 3 -159 0
CC -76 -77 61 -80 -87 -69 97 -98 23 26 20 8 86 -46 -76 -86 96 34 77 -39 -7 -51 201 77 214 209 179 190 182 70 5 26 -12 -74 67 -182 190 -62 -109 -87 111 -104 69 132 148 -58 22 -8 0
CC 52 95 8 72 -32 -11 -78 22 -36 -61 -69 28 52 -85 -87 23 113 110 147 137 153 34 -46 60 26 15 111 203 87 -78 -11 140 -104 -128 63 198 -42 140 36 -96 185 50 63 79 18 35 -179 -182 0
CC -84 -96 9 -54 -52 12 43 61 96 69 88 90 83 -63 68 -70 55 -82 39 15 1 193 176 161 161 258 245 251 153 6 137 111 -198 40 102 -70 62 -163 73 -168 60 178 69 83 -86 135 188 121 0
CC -80 -55 -23 -10 -80 -11 25 91 26 -33 40 47 -95 -19 -2 20 44 -18 163 97 -33 179 198 101 156 80 173 177 64 30 67 131 6 58 -76 65 22 -17 6 27 -104 -170 106 144 82 -11 -163 27 0
CC -44 -86 -59 -11 19 -74 22 -96 93 82 -91 61 -24 69 27 70 -8 -59 46 113 84 -62 191 -93 194 256 -61 105 13 195 73 94 0 -38 93 -194 -109 -179 -68 182 3 114 -50 -71 -13 111 128 -108 0
CC 43 -25 -43 -39 27 -70 59 -2 62 -10 83 97 -86 -16 29 -97 189 125 52 39 66 83 88 148 139 189 225 114 -59 24 196 100 62 -183 -82 92 74 118 -93 34 32 -144 154 104 199 29 -131 -178 0
CC -26 81 -85 99 -93 61 -35 -83 98 -33 -59 -56 97 79 60 -65 83 88 84 111 102 205 75 111 221 46 94 78 199 180 169 -43 51 -47 30 181 123 -60 -81 -41 -73 -124 -15 -7 114 -74 -127 -183 0
CC 76 -53 -93 -14 62 48 -7 -93 -14 59 77 -44 30 -20 -40 -58 164 4 -38 61 130 161 55 101 140 249 195 121 154 -10 133 63 127 74 -51 28 181 116 -30 71 -68 -45 -5 52 -141 -114 155 20 0
CC 10 -20 3 -64 43 38 42 53 -60 47 19 53 34 -31 46 -7 176 153 62 107 191 194 129 172 119 220 102 216 101 24 244 81 34 28 -65 77 195 -88 -163 -1 172 45 -189 137 -52 119 -133 -176 0
CC 57 46 46 -30 16 -21 -84 65 -64 4 -20 -5 81 -54 -15 60 239 181 173 -4 161 30 101 119 88 201 134 48 280 15 122 229 -137 134 65 39 -78 -162 57 -88 -138 150 84 171 51 77 -25 26 0
CC 98 -93 19 33 -17 19 -10 41 -81 46 72 35 52 -27 43 67 283 9 158 228 10 93 45 142 58 145 121 43 179 33 138 81 11 17 -79 118 -176 -123 76 -102 -13 -44 142 196 87 -118 -139 135 0
CC -55 -27 71 59 15 -91 58 -55 -20 41 -71 71 -85 50 36 23 1 123 240 126 54 83 136 48 26 54 -61 155 -30 216 70 218 190 -156 183 34 -165 -157 122 -66 29 195 3 153 74 -59 -20 -94 0
CC 66 -12 74 -97 50 54 7 82 23 -44 62 -1 38 -76 -25 36 219 139 105 27 155 131 51 229 106 -37 187 165 178 68 21 36 -16 -113 -115 99 61 145 -47 119 -47 149 -146 -195 36 113 18 47 0
CC -18 -65 6 -40 61 67 73 61 -26 -55 -8 36 75 -50 -17 -10 42 129 75 85 101 206 102 114 102 -38 91 122 267 -46 100 75 -108 -161 122 -119 7 -27 -87 9 -144 8 68 -138 -116 9 -199 -108 0
CC -85 -19 -10 -2 7 27 42 -74 -65 89 -19 -97 79 87 -40 84 -27 152 188 41 94 51 193 79 -28 168 28 31 97 204 136 187 -78 -25 -144 -127 -28 -190 -198 7 -76 -39 -181 -9 -59 -16 -177 -1 0
CC 94 48 55 -68 93 65 8 -51 85 -92 60 11 19 65 -58 66 139 119 114 -20 174 150 24 -48 100 107 205 104 68 98 120 209 151 56 -155 77 124 52 70 139 67 171 -32 -8 51 51 132 -31 0
CC 70 92 32 99 22 -57 -65 -62 -59 73 -5 -20 -79 76 -17 82 73 144 221 249 132 116 27 -53 -8 242 134 64 -63 243 25 167 185 -12 155 154 -101 193 -6 179 157 -147 -144 -139 2 -48 -138 35 0
CC 27 -27 -48 62 67 75 -64 -61 43 -94 93 -27 15 -92 74 -20 147 131 151 186 86 127 9 -60 127 -75 239 145 191 46 179 61 -120 -111 -107 -186 -94 -10 -42 125 -81 4 76 -14 -63 -186 185 -163 0
CC -30 80 6 77 34 -90 97 -14 0 -14 -25 38 54 -46 26 44 39 140 10 239 189 91 145 -6 182 49 60 104 178 7 213 242 62 64 100 -81 -182 -10 -34 105 -38 -5 -183 77 33 147 -145 36 0
CC 34 0 57 -28 -81 -64 -34 -1 -53 -46 -10 26 70 48 90 -31 181 33 143 96 118 73 9 97 123 74 44 132 86 136 149 65 -116 -156 26 41 79 -55 -179 -126 -138 12 111 -56 182 106 106 -5 0
CC 66 87 -87 -73 -61 2 -53 81 -60 46 -7 -16 25 -6 -69 74 180 252 -75 -7 47 188 55 138 139 114 27 157 163 160 88 134 -9 41 -183 137 -57 -151 17 -143 -83 165 79 -156 -191 27 -112 -126 0
CC 76 93 -97 20 -15 16 60 69 97 -15 11 -54 90 33 -4 -55 135 285 -65 198 9 76 198 101 161 175 129 58 205 220 20 85 -65 -8 143 11 -3 122 60 178 -112 -52 -41 -49 184 114 -62 151 0
CC 67 80 10 98 46 -43 -91 93 7 98 1 42 -85 5 37 35 167 102 29 154 165 75 -31 239 49 138 160 133 -83 5 136 191 -111 -127 89 -120 -2 -138 -71 -84 140 32 133 -45 126 -66 -195 -77 0
CC 50 -21 48 -60 -27 58 -35 43 -23 -66 58 42 -76 48 -35 41 215 89 218 60 -6 221 95 78 101 -6 220 235 65 182 124 158 -16 -70 -76 164 76 -33 169 -30 -179 -23 95 157 79 -1 172 -113 0
CC 8 -70 52 73 2 49 7 86 38 10 98 -84 73 3 -55 1 142 7 158 213 52 241 175 155 124 37 185 -15 94 197 42 199 18 5 -70 -58 104 97 -9 77 -164 -95 -9 68 126 -182 69 -187 0
CC 51 -6 71 59 -84 -93 -73 5 23 92 58 40 43 -68 0 -93 156 38 253 103 -42 -83 63 44 60 230 147 223 149 -3 33 99 -18 -197 89 -84 155 25 46 193 -158 40 -102 142 76 120 -85 77 0
CC -68 -69 -76 -82 -42 56 -50 -22 51 -34 -5 -39 -34 -40 92 -86 -49 7 -76 62 60 250 87 99 72 147 8 157 138 150 93 23 13 -195 42 180 22 157 64 81 -133 59 79 155 -93 52 106 -99 0
CC 24 40 -79 -12 0 79 -14 46 50 -44 57 48 -40 45 -88 -56 184 78 110 -5 55 195 120 192 188 61 86 217 102 228 -5 -42 -162 112 85 66 -168 28 -199 -9 -56 -146 14 -196 -54 105 160 -172 0
CC -76 -75 69 13 67 33 -10 -64 -7 -46 -66 97 -43 -92 12 49 -24 123 217 170 181 95 64 108 177 134 90 279 60 -76 148 70 -38 -92 -1 104 85 -194 -100 35 70 -164 89 39 -60 97 163 178 0
CC 55 -92 -57 14 50 91 83 23 72 -13 -35 -30 -54 59 -97 -96 166 7 136 213 83 273 275 23 137 1 87 100 119 98 45 37 52 -24 -88 -108 49 -17 -114 -146 -58 -36 -173 127 -128 -129 56 -161 0
CC 39 77 -68 26 -58 -30 49 -79 -56 0 -9 22 6 54 69 54 155 268 47 29 -38 60 138 -79 99 160 42 51 19 193 251 58 31 31 96 63 -15 -85 40 -168 174 107 176 119 -165 -10 -190 -147 0
CC -79 -86 -54 -80 -21 -93 27 14 -44 -34 -29 17 63 65 -22 95 74 88 116 -10 93 95 121 15 78 43 21 81 173 147 140 264 -106 46 1 -87 -35 194 -193 98 32 36 -11 -85 -115 108 -178 -38 0
CC 89 48 99 -69 -80 -91 -23 14 74 48 11 20 -18 66 28 -56 137 210 117 -32 -20 87 70 72 163 132 37 146 59 127 109 -14 9 -190 -68 161 164 -172 -109 -27 -65 57 -95 -180 38 27 -160 18 0
CC -28 15 -11 76 -67 -9 11 1 29 69 39 -98 24 -13 -13 -36 91 201 149 185 105 83 185 141 49 133 128 -94 69 161 -6 62 -89 122 -37 47 -175 104 -19 42 75 -82 -11 -25 88 -51 121 -35 0
CC 68 2 -4 24 -58 83 59 99 48 -79 38 -71 -88 20 -7 54 229 65 188 137 -6 137 190 269 105 -5 232 -23 57 41 56 100 -109 -17 156 -28 -139 -182 15 189 149 47 161 24 168 -119 85 91 0
CC 24 40 -19 -70 -70 91 -85 83 -84 1 44 19 -36 -82 -53 -78 181 148 -11 -41 49 191 28 268 -6 186 153 20 47 -17 42 8 -178 145 154 -172 -177 -129 168 189 4 -149 160 69 77 59 130 31 0
CC -7 -86 -97 60 63 23 44 74 85 15 46 -58 -24 -64 33 39 46 102 -93 117 65 96 181 181 239 143 68 130 167 87 99 229 -104 81 -40 -55 6 -40 195 -140 -92 -6 -200 188 -55 154 -44 -19 0
CC -49 -54 7 -85 61 13 2 99 53 -38 -57 14 -8 -76 -63 -76 37 6 52 28 120 67 132 217 104 104 137 206 43 -58 117 -31 -82 26 -68 61 35 -177 166 70 -64 78 -35 177 -177 -64 -53 -47 0
CC -53 66 88 -24 55 -28 -51 -28 60 -40 65 -99 6 -85 -34 -37 46 164 92 42 116 147 16 16 93 18 122 -76 169 -45 161 30 -165 153 156 51 -3 -11 41 -141 -9 37 -112 187 -9 -191 -130 198 0
CC -96 -55 -43 -52 -63 26 -35 -44 -83 -13 -15 3 64 -41 64 27 20 86 10 13 -32 58 55 61 40 125 128 191 109 5 99 188 -135 61 -105 -47 -190 186 149 141 88 155 -176 -83 122 188 -181 -197 0
CC 13 -86 56 -56 52 28 97 19 7 -22 -67 -69 34 60 25 85 39 -52 107 35 180 211 245 178 83 -19 1 13 224 247 116 104 45 103 -174 165 108 -152 -154 -108 127 -159 -133 -146 -143 -100 29 164 0
CC -66 -68 -24 -97 96 -84 -30 -21 80 61 25 90 18 70 -75 0 -50 19 171 -72 107 -42 98 67 246 164 114 211 215 223 74 117 -136 -24 -148 -145 -77 -43 -52 87 -22 -51 165 52 -1 -23 -60 182 0
CC -43 57 -56 74 23 -12 -7 -56 73 13 -53 9 -88 -20 56 70 96 76 143 186 212 119 42 -37 269 109 53 72 -28 14 214 268 62 150 -132 -76 13 135 -116 -11 91 -192 -52 167 118 -18 171 -97 0
CC -43 -7 -17 74 34 -66 53 -29 -47 77 -20 -68 56 -23 -6 69 0 33 -4 201 208 18 149 99 38 84 44 89 248 95 47 156 152 172 -32 17 123 -62 198 185 95 -107 89 129 142 -131 44 80 0
CC 7 -42 95 -10 83 -76 53 -4 17 13 93 -27 -18 27 80 -52 48 22 165 37 210 35 121 141 208 173 112 2 6 141 130 22 -72 8 93 -148 116 26 170 89 142 -19 22 87 -91 -44 -117 -54 0
CC -74 97 -14 80 61 84 -77 -16 -60 -25 -79 -64 47 -98 -36 -50 106 125 131 91 65 114 35 23 111 147 119 131 80 -85 139 61 -186 -89 102 -138 34 -137 88 154 -196 31 11 39 136 147 -96 -66 0
CC 14 54 8 -35 -4 -41 -50 38 -14 42 -72 -74 67 -20 -87 -51 100 224 170 2 54 5 96 186 150 57 9 113 114 92 73 -32 -2 -11 -39 133 -117 31 64 -170 -43 -180 106 28 190 179 -163 -164 0
CC -20 -4 26 -65 -45 61 41 -17 -38 -48 -12 -78 4 2 16 62 1 156 224 75 75 159 106 129 73 112 180 11 171 5 74 234 -18 82 -154 -187 94 33 81 145 106 77 -101 -189 -191 -99 -179 119 0
CC 48 -71 74 -68 10 61 24 33 -66 -93 -22 -86 -3 -57 1 4 113 78 237 -53 65 90 109 221 -10 77 96 13 23 1 121 37 136 82 146 106 51 -108 59 -186 25 149 14 -85 -121 -154 -98 83 0
CC 96 -44 -78 -53 96 63 -22 9 56 -42 -7 -38 23 -60 -20 90 253 46 -2 -18 209 191 155 181 129 88 119 96 180 96 85 158 -31 -91 -83 -113 -42 57 35 -106 -186 -200 -43 -200 -172 64 -23 -143 0
CC 99 -65 29 -5 -5 -47 -47 -67 -3 -25 32 19 25 9 -29 12 245 -9 193 169 62 83 -42 -21 75 43 99 121 56 88 145 191 34 6 32 -38 -112 23 -68 -112 193 -187 112 -80 84 -142 -75 7 0
CC -13 71 -41 -95 -82 30 -50 34 44 -30 -23 -58 1 90 47 24 171 89 74 47 -55 176 -27 167 200 -10 84 20 91 137 64 172 -187 -141 137 -43 24 127 -90 189 164 -57 -120 98 13 108 135 -119 0
CC -49 61 51 -33 62 -58 40 6 -86 49 82 -14 -24 -78 40 -86 101 98 232 18 143 65 217 125 -67 192 276 93 -14 -1 80 -52 -96 37 -54 166 74 104 -54 -55 163 63 -187 2 -16 187 20 -56 0
CC -29 69 15 -22 41 6 9 -7 -68 -47 49 74 18 -66 -56 -51 98 102 214 78 123 126 157 163 43 30 149 96 155 101 4 115 -127 144 163 58 -196 -88 -126 152 -56 130 -143 42 -159 -59 -25 96 0
CC 13 87 -9 87 18 75 -82 -89 5 -20 28 73 -8 22 33 -55 40 159 96 197 77 260 -27 0 139 115 28 260 23 40 121 9 44 -33 -170 -141 -88 134 -177 190 -150 -32 -4 68 173 35 -154 31 0
CC 79 -98 44 46 15 11 31 -43 -8 39 70 -91 38 4 -46 55 113 99 146 229 126 47 111 111 80 124 87 80 154 66 83 247 87 -72 -186 149 149 -111 72 90 179 -5 181 -70 -167 -32 -169 20 0
CC 96 -32 11 -58 -63 70 0 -15 -95 -63 -91 9 16 -89 92 41 220 149 84 -46 72 214 34 124 50 -11 -42 78 196 85 255 174 -100 -145 -105 180 197 -31 -163 -149 181 173 97 -170 104 68 3 100 0
CC -38 -49 3 -64 -91 -41 -11 45 -86 69 -31 56 33 4 -21 -45 148 -26 32 2 -16 95 42 109 -78 171 85 224 56 63 -1 -14 134 25 170 23 24 45 -22 152 -84 1 139 -37 -8 -190 37 -27 0
CC 0 -22 -69 -1 0 -60 55 47 57 94 19 -2 41 -4 54 28 73 -4 115 153 175 23 72 168 209 101 126 184 210 64 174 140 26 -157 -197 -143 174 -58 -35 176 196 -172 -99 -129 56 162 137 -179 0
CC -78 87 15 -37 -9 44 68 -76 38 -25 -52 90 -47 -32 -58 24 -11 101 138 32 180 131 248 0 220 85 80 161 91 -30 -13 214 190 63 15 -178 81 -181 188 8 -71 -159 -139 -173 151 172 113 -200 0
CC -5 -16 -8 73 67 -72 -45 58 31 96 49 -19 94 38 -4 86 105 70 16 124 119 -30 51 222 190 131 179 -5 153 222 147 217 -68 161 143 -194 90 -38 100 54 -100 42 152 38 62 65 117 160 0
CC 0 -99 -93 7 49 1 -9 5 71 -12 -52 -44 -71 12 -69 -20 139 -2 87 184 175 160 145 49 211 114 -25 136 116 107 -25 78 56 -28 -69 166 -103 -137 -126 59 -38 94 -15 82 -185 -8 70 -171 0
CC 43 70 -71 43 89 74 -91 -76 68 -62 -81 55 -14 58 56 33 184 117 -53 101 148 189 5 85 260 10 86 192 104 120 59 163 -65 -21 -81 -2 25 -195 -56 -161 36 86 -173 -174 44 -145 114 181 0
CC 38 -66 -74 -38 0 -21 6 2 57 -77 -95 87 78 13 20 -6 177 97 57 83 140 26 140 46 57 56 -72 96 113 62 169 175 -170 -9 183 7 -26 112 -170 44 -200 130 69 32 115 -164 -24 176 0
CC -94 89 85 85 15 36 20 -65 -29 -100 76 -62 -4 54 -3 -85 -7 278 184 207 94 102 64 92 0 24 158 -39 5 200 11 17 -138 -94 58 191 166 175 163 12 -38 -57 -18 -77 -178 -103 176 195 0
CC 90 5 18 -68 27 9 -68 -93 4 -68 -73 -81 20 -50 -43 46 113 63 100 -34 189 161 -20 -91 103 -2 -65 33 52 14 148 98 191 101 130 54 89 -88 73 172 186 -112 -137 122 156 142 104 56 0
CC -42 -16 -44 94 -18 -2 -80 28 -30 26 82 -62 -52 57 -16 -81 42 75 103 274 -11 24 18 177 128 130 196 136 -46 57 19 52 104 58 -91 -25 183 97 -119 145 88 -60 -175 68 16 -4 -45 -18 0
CC 17 98 -4 84 25 2 70 38 -14 -58 76 -92 42 -67 -71 -9 122 131 51 265 140 155 71 148 132 107 110 93 123 -2 71 35 -168 -19 139 195 -90 -140 19 19 -194 -61 -156 -171 -164 169 -116 37 0
CC 3 22 -6 0 92 88 70 -94 76 -40 -50 92 97 47 -85 66 170 79 138 138 206 162 86 -92 107 34 127 144 243 245 105 245 -10 -148 150 116 -50 135 168 -14 128 125 -156 -99 -3 -113 -199 28 0
CC -47 -78 -92 -12 65 -91 -37 -88 0 -47 -19 -22 -24 -42 13 -2 102 29 -9 84 163 -49 154 3 106 -23 59 30 -12 58 31 25 44 -2 29 55 185 -163 -65 133 76 -193 156 -185 99 147 197 -9 0
CC -13 -78 8 36 43 -49 -34 17 -84 65 57 -8 18 -98 59 46 29 -23 115 196 237 23 66 175 -60 187 219 128 214 34 86 124 -65 26 132 -43 187 39 51 103 121 101 143 -50 57 18 12 -164 0
CC 85 88 -8 65 -34 -90 60 70 40 4 40 -72 -73 -2 96 -45 182 102 23 261 71 107 127 140 221 84 57 -66 -23 13 178 -1 136 -153 71 -55 -141 -4 192 -123 -144 135 -168 -2 181 -22 -165 33 0
CC -97 48 -75 -19 68 52 3 -16 -38 -50 -65 -13 14 22 62 -81 59 174 -9 103 130 95 73 105 31 74 15 15 19 60 69 30 -148 74 8 88 105 -137 65 -167 -85 111 -181 146 -36 -161 -147 -104 0
CC -65 0 33 -100 -37 -17 -71 45 84 -62 -14 -95 97 -90 48 65 -51 51 98 15 113 21 33 71 224 97 180 -48 277 43 244 144 -81 192 61 -63 17 -155 -150 89 48 111 78 -71 194 110 -188 -198 0
CC 63 65 -46 -46 18 48 -23 -77 -15 -2 -48 59 -57 -80 8 90 123 223 96 86 189 176 103 11 21 152 69 141 32 15 173 203 -94 -116 24 136 -118 -71 -138 195 -9 23 -117 41 136 -132 39 -32 0
CC 20 82 29 -28 -5 79 -80 56 77 68 -12 34 -79 -4 73 19 162 200 32 25 101 96 -68 88 169 151 143 171 -61 86 259 184 46 134 -77 77 146 -172 69 -35 130 44 138 56 60 65 123 -60 0
CC -1 69 -14 68 64 3 59 71 89 12 -95 10 99 33 98 70 136 115 9 259 144 169 198 106 97 91 36 62 237 139 169 244 -95 -111 182 65 20 109 -73 -31 155 72 10 -144 31 22 -146 -179 0
CC -21 58 28 -65 8 -30 -22 9 31 38 59 -29 -81 28 16 87 112 115 74 93 123 147 107 71 92 221 122 144 20 117 213 154 160 196 156 -12 119 -29 61 -33 190 -36 -150 107 105 -185 131 -92 0
CC 10 23 -10 -19 97 99 -42 63 79 -38 22 12 64 -71 -23 89 155 29 79 8 283 109 -13 220 104 126 96 209 104 2 -1 111 37 52 -87 96 111 85 138 -173 176 195 -108 -102 -12 -185 154 164 0
CC -74 16 -4 -28 -80 12 -89 51 18 -28 88 -14 41 -79 -34 -10 6 212 123 161 -17 187 50 171 216 111 253 19 170 75 140 76 145 103 80 45 71 21 61 86 -92 -70 -37 -41 -114 27 90 -134 0
CC 11 24 -90 -30 -99 16 -25 13 40 -70 -52 58 88 -84 35 -81 60 24 -19 65 -15 186 86 97 143 123 4 238 230 -72 200 -48 -43 30 28 167 -116 -83 -153 1 -25 -187 63 15 38 134 170 92 0
CC -12 35 -12 -85 81 96 63 -98 36 6 98 5 44 -61 -22 74 96 208 101 11 177 150 257 64 133 74 255 49 177 39 11 103 155 -161 94 87 -105 -125 169 134 -149 -115 -7 119 -168 80 177 183 0
CC -99 23 -43 8 93 39 -42 -58 23 0 -17 -39 54 92 -50 -34 94 218 40 197 232 83 98 121 33 184 120 21 171 118 121 76 -22 140 -162 -94 63 -140 -7 45 79 -92 53 48 131 -128 -37 -41 0
CC 26 -29 -32 -1 60 -87 -86 -3 70 -15 -55 -3 -20 -26 -97 -30 194 -18 54 185 81 -52 103 130 205 138 24 99 103 -4 85 166 -100 31 193 177 -133 127 -3 -25 146 -191 177 -60 178 164 138 -75 0
CC 98 47 22 -32 -23 -93 -1 -22 94 -16 -91 -25 -26 13 53 -76 108 106 51 35 41 68 40 45 165 125 0 13 134 194 63 -59 -86 -1 -114 -160 -129 174 97 -129 54 2 -36 -177 5 -128 -64 -151 0

[EISENSTEIN_NORM]
EN -850 869 2216311
EN -158 199 96007
EN -101 710 586011
EN 671 893 648487
EN 781 925 743161
EN 178 74 23988
EN -521 -61 243381
EN -234 -757 450667
EN 215 404 122581
EN 466 641 329331
EN -283 -529 210223
EN -846 98 808228
EN 343 -341 350893
EN -92 431 233877
EN 236 678 355372
EN 432 386 168868
EN 899 -725 1985601
EN -62 -202 32124
EN 985 -391 1508241
EN 43 -882 817699
EN -114 -427 146647
EN 192 365 100009
EN 513 958 689479
EN 608 80 327424
EN 715 426 388111
EN -279 -216 64233
EN 898 -124 933132
EN 882 593 606547
EN 887 142 680979
EN 25 123 12679
EN 172 -191 98917
EN -490 423 626299
EN 84 800 579856
EN -427 421 539337
EN -591 617 1094617
EN 539 647 360397
EN -458 84 255292
EN 364 -945 1369501
EN 394 324 132556
EN 135 461 168511
EN -250 -791 490431
EN -755 -352 428169
EN 437 -521 690087
EN -406 324 401356
EN 622 971 725763
EN -552 146 406612
EN -220 310 212700
EN -430 865 1305075
EN 110 495 202675
EN 286 871 591331
EN 112 178 24292
EN 870 655 616075
EN -386 234 294076
EN -938 -992 933412
EN -90 550 360100
EN 822 660 568764
EN -889 -933 831373
EN -339 548 600997
EN -453 255 385749
EN -128 -479 184513
EN 226 672 350788
EN -981 -994 975283
EN 334 -59 134743
EN -777 -556 480853
EN -563 862 1545319
EN -333 549 595107
EN 392 -463 549529
EN 556 -994 1849836
EN -877 971 2563537
EN -634 33 423967
EN 873 -812 2130349
EN 46 984 925108
EN -392 707 930657
EN 884 155 668461
EN 314 -244 234748
EN -972 -108 851472
EN -219 -953 747463
EN 250 -885 1066975
EN -11 474 230011
EN -88 426 226708
EN 336 579 253593
EN 327 -272 269857
EN -531 236 462973
EN 86 -408 208948
EN 207 804 522837
EN 978 432 720612
EN -655 376 816681
EN 416 -47 194817
EN 435 300 148725
EN -540 -251 219061
EN -592 -512 309504
EN 993 541 741517
EN -113 243 99277
EN 657 -772 1534837
EN -283 -431 143877
EN 654 -595 1170871
EN -500 334 528556
EN 485 -31 251221
EN -430 -429 184471
EN 914 -871 2390131
EN -624 -756 489168
EN 561 -279 549081
EN 620 329 288661
EN -974 407 1510743
EN -371 -514 211143
EN -492 389 584773
EN 326 -499 517951
EN -69 -435 163971
EN 744 -60 601776
EN -206 -186 38716
EN 861 -552 1521297
EN 219 -639 596223
EN -866 -295 581511
EN 683 -296 756273
EN 628 949 699013
EN -167 -644 335077
EN -807 -254 510787
EN 429 -835 1239481
EN -925 455 1483525
EN 924 56 805168
EN -707 -568 420897
EN -554 619 1033003
EN -67 729 584773
EN -815 29 688701
EN -331 -21 103051
EN 843 -470 1327759
EN 779 415 455781
EN 243 914 672343
EN -528 -74 245188
EN -30 -548 284764
EN 227 -844 955453
EN -191 772 779917
EN -98 -410 137524
EN 937 -22 899067
EN -954 -787 778687
EN -966 -661 731551
EN -355 -520 211825
EN -689 930 1980391
EN -439 -152 149097
EN -40 230 63700
EN -821 155 825321
EN -888 -690 651924
EN -78 356 160588
EN -424 394 502068
EN -366 547 633367
EN 847 862 730339
EN 703 8 488649
EN 634 -395 808411
EN 598 924 658828
EN 583 996 751237
EN -863 970 2522779
EN -312 135 157689
EN -550 -1 301951
EN 65 12 3589
EN -801 -623 530707
EN -406 -622 299188
EN 533 -293 526107
EN -312 -545 224329
EN -585 265 567475
EN -798 49 678307
EN 164 -599 483933
EN 263 -133 121837
EN 761 -102 667147
EN 824 711 598633
EN 174 760 475636
EN 708 663 471429
EN 730 -604 1338636
EN -202 -468 165292
EN 747 864 659097
EN 544 946 676228
EN -759 -509 448831
EN -676 -874 630028
EN 198 12 36972
EN -66 965 999271
EN -371 488 556833
EN 14 793 617943
EN -759 -370 432151
EN 12 -998 1008124
EN 528 -163 391417
EN 713 54 472783
EN -51 421 201313
EN -283 -321 92287
EN -831 516 1385613
EN 211 916 690301
EN 732 108 468432
EN 862 -675 1780519
EN 599 -814 1508983
EN -548 149 404157
EN 551 738 441607
EN 466 -820 1271676
EN 226 -168 117268
EN -674 467 987123
EN 462 690 370764
EN 821 -10 682351
EN -121 534 364411
EN -956 828 2391088
EN 308 -238 224812
EN -493 477 705739
EN -370 -929 656211
EN 394 -638 813652
EN 531 256 211561
EN -313 482 481159
EN 795 491 482761
EN -17 346 125887
EN 229 -551 482221
EN 878 -193 977587
EN 281 -444 400861
EN -374 -256 109668
EN -753 -553 456409
EN -914 126 966436
EN 982 -517 1739307
EN -45 642 443079
EN 597 814 533047
EN 119 -773 703677
EN -763 -135 497389
EN -411 768 1074393
EN -878 628 1716652
EN 602 -731 1336827
EN 120 -415 236425
EN 615 -299 651511
EN 34 845 686451
EN 861 -332 1137397
EN -598 -513 313999
EN 412 -351 437557
EN -65 850 781975
EN -873 269 1069327
EN -667 434 922723
EN -89 930 955591
EN 249 -618 597807
EN -843 838 2119327
EN 248 98 46804
EN 959 722 748567
EN 79 561 276643
EN 991 -449 1628641
EN -853 958 2462547
EN 252 533 213277
EN 803 465 487639
EN -447 -795 476469
EN 953 -683 2025597
EN 206 240 50596
EN -832 334 1081668
EN -491 -499 245073
EN -232 772 828912
EN -216 -631 308521
EN -494 293 474627
EN -440 754 1093876
EN -608 -481 308577
EN 828 823 681469
EN -920 819 2270641
EN -626 -421 305571
EN 777 978 800307
EN -535 933 1655869
EN 444 18 189468
EN -510 749 1203091
EN 336 697 364513
EN -11 856 742273
EN 383 850 543639
EN -643 -497 340887
EN 974 493 711543
EN 225 -520 438025
EN -213 785 828799
EN -413 531 671833
EN -696 -585 419481
EN 354 -616 722836
EN -765 -920 727825
EN 316 -636 705328
EN -942 781 2233027
EN -703 854 1823887
EN -201 -212 42733
EN 603 -865 1633429
EN -163 -56 20577
EN 991 -428 1589413
EN 146 -299 154371
EN 75 120 11025
EN -454 -700 378316
EN 953 333 701749
EN -915 -460 627925
EN -136 -259 50353
EN -45 -430 167575
EN 126 542 241348
EN -350 -206 92836
EN 907 61 771043
EN -425 -444 189061
EN -85 374 178891
EN 696 -129 590841
EN 862 -467 1363687
EN -833 -795 663679
EN 105 314 76651
EN 258 -467 405139
EN -214 805 866091
EN -167 -261 52423
EN 138 271 55087
EN 631 -645 1221181
EN -988 -413 738669
EN -75 490 282475
EN -519 928 1612177
EN -364 -260 105456
EN -11 211 46963
EN 297 -744 862713
EN -414 345 433251
EN 479 -552 798553
EN 879 999 892521
EN 5 336 111241
EN 665 -736 1473361
EN -779 -549 480571
EN -931 407 1411327
EN 543 559 303793
EN -322 174 189988
EN 914 42 798772
EN -887 192 993937
EN -115 -405 130675
EN 120 521 223321
EN 335 -539 583311
EN -267 -16 67273
EN 69 671 408703
EN -670 -451 350131
EN -529 -439 240331
EN -452 476 646032
EN -751 -435 426541
EN -908 -529 623973
EN 16 -839 717601
EN 878 -89 856947
EN -927 -92 782509
EN -914 -661 668163
EN -698 -449 375403
EN 531 187 217633
EN 498 3 246519
EN 61 186 26971
EN 816 -854 2092036
EN -830 -114 607276
EN 817 -148 810309
EN 787 -360 1032289
EN 765 -313 922639
EN -532 -985 729229
EN 252 -439 366853
EN -514 -380 213276
EN 74 -284 107148
EN 532 147 226429
EN 624 970 724996
EN 487 926 643683
EN -479 370 543571
EN 466 -980 1634236
EN -274 -121 56563
EN 206 -458 346548
EN 25 728 512409
EN 780 194 494716
EN -419 919 1405183
EN -814 -654 557956
EN -42 -346 106948
EN -287 -790 479739
EN 215 551 231361
EN 183 -710 667519
EN -733 -285 409609
EN 789 -757 1792843
EN -315 276 262341
EN -830 558 1463404
EN -1 988 977133
EN 930 725 716275
EN -133 488 320737
EN -381 -756 428661
EN 217 -248 162409
EN 438 -850 1286644
EN -329 624 702913
EN -152 630 515764
EN -722 914 2016588
EN -808 846 2052148
EN 465 375 182475
EN -864 733 1917097
EN -558 925 1683139
EN -672 479 1002913
EN 554 -150 412516
EN 390 -447 526239
EN -162 320 180484
EN -370 705 894775
EN -191 601 512473
EN 949 -622 1877763
EN -647 739 1442863
EN -120 377 201769
EN 715 728 520689
EN 359 -654 791383
EN 994 903 905863
EN -808 460 1236144
EN 631 -320 702481
EN 545 -927 1661569
EN -395 873 1262989
EN 905 -489 1500691
EN -276 295 244621
EN 416 914 628228
EN -385 -602 278859
EN 620 776 505456
EN -1000 921 2769241
EN -494 -295 185331
EN -987 386 1504147
EN -566 728 1262388
EN 467 793 476607
EN -574 461 806611
EN -951 -382 687043
EN -79 680 522361
EN 298 -182 176164
EN 753 -744 1680777
EN -308 -990 770044
EN -233 768 823057
EN 305 -816 1007761
EN 682 -727 1489467
EN -418 654 875812
EN -951 -66 845991
EN 928 -444 1470352
EN 640 941 692841
EN -706 -574 422668
EN -979 761 2282581
EN -780 -552 482544
EN 223 -731 747103
EN 418 -504 639412
EN -699 69 541593
EN 315 -594 639171
EN 325 -641 724831
EN -583 -908 634989
EN -873 722 1913719
EN -372 -839 530197
EN 995 563 746809
EN 816 -603 1521513
EN -151 744 688681
EN 305 -159 166801
EN -963 599 1863007
EN 268 -590 578044
EN 361 840 532681
EN 210 -64 61636
EN -539 -371 228193
EN 784 -238 857892
EN 698 99 427903
EN 168 375 105849
EN 458 585 284059
EN 467 937 658479
EN 660 -552 1104624
EN -901 -993 903157
EN -637 915 1825849
EN -596 212 526512
EN -989 -939 931171
EN -594 -600 356436
EN 661 674 445683
EN -190 374 247036
EN 514 -979 1725843
EN -690 -673 464659
EN 2 -906 822652
EN 89 52 5997
EN 546 -391 664483
EN -573 356 659053
EN -453 -754 432163
EN 294 -793 948427
EN 46 745 522871
EN -434 409 533143
EN -988 -29 948333
EN -26 -977 929803
EN 384 380 145936
EN -577 45 360919
EN 54 585 313551
EN -581 -80 297481
EN 606 81 324711
EN 247 -40 72489
EN 528 -312 540864
EN -988 426 1578508
EN 297 -561 569547
EN -218 844 943852
EN 38 -572 350364
EN -597 -916 648613
EN -827 -30 660019
EN 494 -463 687127
EN -707 -180 404989
EN -440 677 949809
EN -800 335 1020225
EN -277 606 611827
EN -79 494 289303
EN -474 -121 181963
EN -72 -875 707809
EN -808 -192 534592
EN 165 -796 792181
EN -766 -538 464092
EN -4 16 336
EN -341 -614 283903
EN 797 62 589639
EN -530 -678 381244
EN -968 -684 742768
EN -140 -323 78709
EN 136 772 509488
EN -645 336 745641
EN 108 78 9324
EN -58 -619 350623
EN -76 820 740496
EN 612 852 579024
EN -703 804 1705837
EN -340 462 486124
EN -639 246 626031
EN -723 709 1538017
EN -385 -64 127681
EN -905 -588 632629
EN -650 -435 328975
EN -266 -265 70491
EN 234 946 728308
EN 412 -630 826204
EN 719 767 553777
EN 707 179 405337
EN 197 1 38613
EN 912 -526 1588132
EN 174 524 213676
EN -674 823 1686307
EN 681 339 347823
EN 638 -606 1160908
EN -415 915 1389175
EN -897 200 1024009
EN 203 -450 335059
EN 964 905 875901
EN 467 -301 449257
EN -360 -299 111361
EN -355 -595 268825
EN 72 -284 106288
EN -476 131 306093
EN 895 722 676119
EN -516 807 1333917
EN -804 -990 830556
EN 684 -126 569916
EN 834 365 524371
EN -435 472 617329
EN -889 151 947361
EN 739 -786 1744771
EN -297 294 261963
EN -236 -332 87568
EN 199 -417 296473
EN 719 -808 1750777
EN 285 -636 666981
EN -51 -291 72441
EN 433 473 206409
EN 840 328 537664
EN 547 -324 581413
EN 136 -905 960601
EN -313 172 181389
EN -30 -127 13219
EN -463 887 1411819
EN -303 -352 109057
EN 38 -212 54444
EN 214 -906 1060516
EN -918 -670 676564
EN -238 633 607987
EN -87 -519 231777
EN -823 -450 509479
EN 197 126 29863
EN 259 -370 299811
EN -48 451 227353
EN -689 -501 380533
EN -872 799 2095513
EN -405 167 259549
EN -29 917 868323
EN -608 860 1632144
EN 804 89 582781
EN -140 195 84925
EN 877 -926 2438707
EN 289 959 726051
EN -244 -597 270277
EN 944 -979 2773753
EN -116 -878 682492
EN -428 -567 261997
EN 600 -817 1517689
EN 416 -448 560128
EN 635 727 470109
EN 404 -885 1303981
EN 526 -649 1039251
EN 634 -503 973867
EN -732 -974 771532
EN -291 -576 248841
EN 115 569 271551
EN 619 -8 388177
EN 995 260 798925
EN 303 -249 229257
EN 663 599 401233
EN -228 -101 39157
EN 721 696 502441
EN 333 674 340723
EN 880 -251 1058281
EN -422 867 1295647
EN -172 982 1162812
EN 982 -646 2016012
EN -667 616 1235217
EN 203 -47 52959
EN 642 912 658404
EN 378 109 113563
EN 833 349 524973
EN -547 828 1437709
EN -390 -892 599884
EN -421 -375 159991
EN 707 703 497037
EN 525 781 475561
EN 400 210 120100
EN 455 280 158025
EN -689 -967 743547
EN 499 139 198961
EN -632 481 934777
EN 845 -299 1056081
EN 449 400 182001
EN 655 443 335109
EN 312 385 125449
EN -448 497 670369
EN -266 357 293167
EN 325 696 363841
EN 465 904 613081
EN -678 172 605884
EN 607 847 571729
EN -47 359 147963
EN 57 -240 74529
EN -9 368 138817
EN 146 -510 355876
EN -141 514 356551
EN -677 -296 345553
EN -785 772 1818229
EN -896 -778 711012
EN 567 768 475857
EN 607 -881 1679377
EN 265 -658 677559
EN 476 -410 589836
EN -962 293 1293159
EN -154 -640 334756
EN -534 -195 219051
EN -441 771 1128933
EN -835 968 2442529
EN -468 156 316368
EN 688 678 466564
EN 999 -453 1655757
EN 192 -678 626724
EN 603 759 482013
EN -553 707 1196629
EN 982 -986 2904772
EN 827 589 543747
EN -514 92 319948
EN -717 -686 492823
EN -966 -678 737892
EN 608 -120 457024
EN 34 -926 890116
EN 686 946 716556
EN 845 -797 2022699
EN -734 -623 469603
EN 711 955 738541
EN -593 710 1276779
EN -146 599 467571
EN -615 -542 338659
EN 359 -168 217417
EN -483 693 1048257
EN -154 -655 351871
EN 282 332 96124
EN 789 566 496303
EN 647 824 564457
EN -760 607 1407369
EN 56 626 359956
EN 681 94 408583
EN 572 526 302988
EN 297 839 542947
EN -744 9 560313
EN -854 -337 555087
EN 71 0 5041
EN -385 456 531721
EN 810 -674 1656316
EN -712 -320 381504
EN -981 487 1677277
EN 377 653 322357
EN 171 518 208987
EN 219 170 39631
EN 694 459 373771
EN -223 -249 56203
EN 438 -190 311164
EN 845 10 705675
EN -663 495 1012779
EN 201 -55 54481
EN -496 347 538537
EN 960 575 700225
EN -300 -73 73429
EN 32 -138 24484
EN 253 672 345577
EN 542 624 344932
EN 511 -81 309073
EN 278 -317 265899
EN -562 -503 286167
EN -795 -868 695389
EN -691 335 821191
EN 235 747 437689
EN -855 433 1288729
EN 109 -166 57531
EN -72 -689 430297
EN 779 432 456937
EN -990 -908 905644
EN 359 -290 317091
EN 19 -609 382813
EN 573 -375 683829
EN -584 115 421441
EN -751 927 2119507
EN -613 527 976549
EN -38 177 39499
EN -623 520 982489
EN 661 38 413247
EN -145 249 119131
EN 137 0 18769
EN -318 -754 429868
EN 835 610 559975
EN -91 966 1029343
EN 394 -80 193156
EN -942 -247 715699
EN 630 430 310900
EN 497 555 279199
EN -945 913 2589379
EN 23 -344 126777
EN -808 762 1849204
EN -816 507 1336617
EN -61 -87 5983
EN 27 -48 4329
EN 951 -766 2219623
EN -799 440 1183561
EN 234 235 54991
EN 686 421 359031
EN -155 -52 18669
EN 740 -409 1017541
EN 868 798 697564
EN 345 850 548275
EN 580 -158 453004
EN 758 987 800587
EN 107 -219 82843
EN -356 651 782293
EN -457 180 323509
EN 510 834 530316
EN -907 -111 734293
EN 138 -604 467212
EN 123 692 408877
EN -812 -290 507964
EN -73 874 833007
EN -869 -875 760411
EN 174 871 637363
EN -284 394 347788
EN -978 -939 919863
EN 245 954 736411
EN 255 3 64269
EN 942 -286 1238572
EN -864 -62 696772
EN -634 31 422571
EN -882 876 2317932
EN -135 -437 150199
EN 118 -645 506059
EN -41 -759 546643
EN -953 147 1069909
EN -49 327 125353
EN 373 435 166099
EN 452 -100 259504
EN 658 -832 1672644
EN -706 -968 752052
EN -418 891 1341043
EN -661 837 1690747
EN -106 -719 451983
EN -448 382 517764
EN 219 270 61731
EN -587 337 655957
EN 498 630 331164
EN -748 -384 419728
EN 986 563 734047
EN 210 -615 551475
EN 62 -839 759783
EN 712 -213 703969
EN 948 516 675792
EN 687 959 732817
EN 685 982 760879
EN 991 -381 1504813
EN 873 -670 1795939
EN -544 120 375616
EN -37 360 144289
EN -498 -466 233092
EN -18 268 76972
EN -777 -167 501859
EN -102 -525 232479
EN 449 236 151333
EN -962 11 936147
EN 974 100 861276
EN 525 -962 1706119
EN 888 473 592249
EN 555 927 652869
EN 784 240 484096
EN 909 -872 2379313
EN -789 -865 688261
EN -190 -333 83719
EN 255 774 466731
EN -620 -891 625861
EN -692 714 1482748
EN 729 -116 629461
EN -453 -372 175077
EN 359 -651 786391
EN -784 398 1085092
EN 360 -458 504244
EN -150 237 114219
EN -419 90 221371
EN -289 -864 580321
EN 18 -153 26487
EN 728 279 404713
EN -25 939 905821
EN 414 786 463788
EN -42 21 3087
EN 912 338 637732
EN 131 -780 727741
EN 405 -140 240325
EN 456 -696 1009728
EN 840 -184 894016
EN 5 -591 352261
EN -434 -634 315156
EN -49 416 195841
EN 955 532 686989
EN -141 -334 84343
EN 668 877 629517
EN 866 396 563836
EN 156 -159 74421
EN 335 -429 439981
EN -373 -706 374227
EN 944 -461 1538841
EN 984 75 900081
EN 112 741 478633
EN -712 -432 385984
EN -954 -520 684436
EN 736 51 506761
EN -111 -698 422047
EN 769 -807 1863193
EN -929 725 2062191
EN 725 -70 581275
EN -257 746 814287
EN 159 -391 240331
EN 494 -685 1051651
EN 451 182 154443
EN 238 -570 517204
EN 828 183 567549
EN -30 812 684604
EN -390 -566 251716
EN 906 250 656836
EN 354 952 694612
EN 731 91 476121
EN 3 -28 877
EN 393 125 120949
EN 517 816 511273
EN -150 243 117999
EN -254 945 1197571
EN 341 905 626701
EN -445 187 316209
EN -427 -642 320359
EN -631 -837 570583
EN -212 -803 519517
EN 698 -890 1900524
EN -638 -339 305683
EN -456 -732 409968
EN 911 899 819133
EN -428 994 1596652
EN -10 927 868699
EN 319 -265 256521
EN 52 -164 38128
EN -448 -746 423012
EN -569 650 1116111
EN -800 772 1853584
EN 908 107 738757
EN 312 -167 177337
EN 465 681 363321
EN -4 -747 555037
EN -769 47 629713
EN -284 -55 68061
EN 708 260 384784
EN 565 971 713451
EN 511 -863 1446883
EN 966 -147 1096767
EN -584 285 588721
EN 589 821 537393
EN -527 -507 267589
EN -925 -95 776775
EN -857 -373 553917
EN 29 -949 928963
EN -914 -659 667351
EN -116 551 380973
EN -625 -767 499539
EN -843 -42 677007
EN 280 -127 130089
EN 903 340 623989
EN -515 468 725269
EN 311 997 780663
EN 957 629 709537
EN -150 -275 56875
EN 266 -209 170031
EN -454 740 1089676
EN 284 -26 88716
EN -355 428 461149
EN 953 -974 2785107
EN 831 -960 2409921
EN -632 68 447024
EN 943 95 808689
EN 301 -900 1171501
EN -947 -67 837849
EN 325 -692 809389
EN -727 811 1775847
EN 776 936 751936
EN -840 -915 774225
EN 566 10 314796
EN -190 -168 32404
EN 802 709 577267
EN -428 86 227388
EN -317 569 604623
EN -134 -364 101676
EN 596 -302 626412
EN -324 -684 351216
EN -882 -28 754012
EN 763 419 438033
EN 72 816 612288
EN -296 -250 76116
EN -876 329 1163821
EN -439 -748 423853
EN 265 -279 222001
EN -311 -169 72723
EN -917 499 1547473
EN -984 -763 799633
EN 560 -412 714064
EN 324 -757 923293
EN -490 -458 225444
EN 232 -542 473332
EN 592 -740 1336144
EN 126 710 430516
EN 232 -111 91897
EN 481 -695 1048681
EN -295 -815 510825
EN 407 181 124743
EN 514 968 703668
EN 433 132 147757
EN 41 -526 299923
EN -685 476 1021861
EN 973 -669 2045227
EN 714 534 413676
EN 272 390 120004
EN -871 782 2051287
EN 932 361 662493
EN -760 525 1252225
EN 622 366 293188
EN 587 -146 451587
EN -393 69 186327
EN 511 312 199033
EN 606 -82 423652
EN -155 121 57421
EN 238 -370 281604
EN -395 -369 146431
EN 104 -80 25536
EN -892 429 1362373
EN 252 -826 953932
EN 315 -476 475741
EN 564 445 265141
EN -342 848 1126084
EN 158 250 47964
EN 725 -220 733525
EN -32 313 109009
EN 987 575 737269
EN -618 498 937692
EN 239 988 797133
EN -231 -916 680821
EN 461 -993 1656343
EN -286 -582 254068
EN -9 818 676567
EN 339 99 91161
EN 247 -57 78337
EN 625 -437 854719
EN 467 189 165547
EN -992 -523 738777
EN 389 518 218143
EN 727 115 458149
EN -701 -305 370621
EN -220 -362 99804
EN -378 162 230364
EN -512 861 1444297
EN 502 257 189039
EN 945 316 694261
EN 617 -341 707367
EN 734 -392 980148
EN -171 425 282541
EN -941 -924 869773
EN -632 684 1299568
EN -361 -813 497797
EN 225 -1 50851
EN -336 -386 132196
EN -482 -257 174499
EN -919 169 1028433
EN 790 -139 753231
EN 807 -588 1471509
EN -625 -353 294609
EN -375 -770 444775
EN 905 -430 1393075
EN 898 874 785428
EN 581 984 734113
EN -166 -590 277716
EN 410 245 127675
EN -161 -870 642751
EN -71 830 752871
EN -682 -494 372252
EN -170 334 197236
EN 472 700 382384
EN -570 906 1662156
EN 221 -780 829621
EN -233 380 287229
EN -15 495 252675
EN -973 610 1912359
EN 725 -716 1557381
EN -467 623 897159

[BLOOM_MERGE]
BM 8248871919198122882 3509747962712439961 4319128635250231870 8440857893578084024 4904168808431770814 1231833157867762298 2745715561192026177 1422967320814358499 1270229939794310765 3540307622027093034 9065531813254968016 3692506174443673060 6704716877077537786 4208928381675253385 3681466039192466673 3086886339401779460 1452254946814385182 8841191987101648524 3119298391576011923 935827844680012706 9223369217166783442 3728817684195245565 9222229636418628606 9181713295685856953 8583645245898194175 4314127382661167998 3909124405275196511 8916983763950981103 4317258238456624895 4466932527337732010
BM 709086492324571889 4922075583250257325 7665604215085105749 7648225762938445037 1805043149625493337 995039589391255541 549226271772471892 4384208600780929452 6398247956980137127 4462172591040591698 7987195084426387953 3588050013187331382 511451201669827622 5009855643389964945 1471426586288599660 3676477677892524706 7045247427397349736 2725598114222114023 5019867444300865096 2699823856055387328 8061232211711208433 8489278675447829951 8032656381263384183 8045669667005529853 2121142302153783165 4598034465405526007 7484911625662624636 4456267298628402671 6767545600477757167 4467557080005343186
BM 6654061470865735078 6809612598796822033 4827064310698487735 8810157615639106342 3868175894661160574 4666952057187953793 8440565016077240248 8526720414479617679 626506357614760228 7527194161102161967 2578470105369013878 6249484486372583362 2619294182007391398 8087373429275309582 4225545740061400057 4122307549545331913 3938779478541450109 6583770337386494129 1812953010732689098 6827402661536670879 9214358135018094582 6825974444592162771 7421298242222976951 8827055189518137134 4588789236161306623 8788063200642825417 8623262135908024317 9178053738264133311 1853775773340989422 9151314156932279487
BM 6559976530764196027 6519096668736686222 4502868508271774999 8236091513300500022 4234023493814621970 3142287277906812540 8431916767070987475 923428149763483438 9032268021156852922 8189863302161562140 8952990330740649874 6282773955810361692 192912985130385208 1788276503770784449 1909278023783761145 271409683075264983 1981540548635928277 643253285114504425 4406794755368913866 7491893179581834325 9169328735417921467 6879529774729890270 4538924047602663231 8853370540710166263 4251222124221421563 3161454007551885311 9187342833390921431 936167589795588079 9041292891296481274 8644867770057358941
BM 2751144339783936637 2776654658238193550 1707768744969306572 1172730615702122823 3680450359225755323 962589347791634995 8133139107794041985 8736902588798006979 3829433249274526744 742139181107651112 3415808300036030667 9217148308752625314 1324677986637503554 8618849656250208233 7117014239384191772 2863911152662142418 7099477982984991797 1345618111972097488 4028538703661861364 4393394022710760007 3418064714297502463 9217157319731380142 1725784364340469198 8637462464267485167 8347341362588051391 3458744642814009331 8277334628971773109 8917055378928173011 4029877084191981052 4538779288819724911
BM 5925369266946354226 7314159676913548451 8072459744969804516 3909912925182598837 7286361536407156917 3827267455547674821 6802982856348143167 7892048616001901380 5927510574979361109 5543691413567237311 7299963951100560445 7479375235009262483 6375116510421250375 583162383705408516 695938334515401171 9064566975782588601 5039416577627629700 771657928825459804 2468773698329631984 5789536214322661718 8610794515593931839 7479666988990529459 8682931279033990119 4492286886034251445 7907893504055851511 9070232037982933245 6912918764609973951 8050038026936080220 8233424541478026741 6701274861248900607
BM 6097794331875313459 2956936314117753270 3246886888982479097 6341509997327901334 2307374444535749964 1532966118901531116 1862778591466475058 8763647471032556922 1762847737421272366 2344579787594727439 4204456173293962427 3604015218472485151 7819817902020522469 5507483010350096028 2242870817422287165 5570096878366289926 2255402872064250170 2575877092008686228 6422404988403714710 5739709865209160017 9142236596365658043 4255107797491354047 7894760666537193981 6660704820279377566 4550174893213203837 6723581333066346990 2296255226745708346 8917121702085754878 6446612524100526014 8047826943677948255
BM 5103001725156794025 2773796530173498836 1049887508870854787 2176288035708897515 1219445381892268205 1896928206394888573 2355002913663384562 4399871705840990497 8681512934734360 4236286276538581299 3442248982105100999 6142260506746155541 6057222004834575280 819958284798502322 2222164591059341838 6397790577828176597 8379559995355186577 1067677338833059081 2500641079772928266 7863649022112449293 8058579372547710703 8610796173700364245 6818436033825078195 2266361707991248379 2233495131937305263 6547036109709128701 8425865395801063411 4602536858758544681 2503684571311078170 9217549021126443839
BM 7804660875980234353 7101445834290854516 2540974817988300997 2593477739282322729 628482063601428874 2926392713554556258 6002294974972778998 7228025795170147999 9055328247094929713 4412652033223647969 7869027411034338343 4796643499862244985 9080612027958204745 8097678968199350511 424691315201559836 5307855163585428086 5717552273892491110 6301382997918536929 6566891506982478956 6030921219564388039 7890306269250322039 7105976376305254013 9171540678582720973 8358116168903351791 1007926275146968478 7619504182940139382 6871648582519226358 8610631229747683071 9199443470068968829 9205045263187803879
BM 9158971056616567660 2919819738449679407 8296331698932182360 171245337928773875 3246262906875244123 5786436102604100622 9213798860719997949 6543913731013939547 6024132705307981757 5343956284566310726 2168157838740362729 7477557407694854577 8576655571493527653 4934426608563704372 7188749525410653716 7060231297338739210 3328422316225519845 2133333673593526916 9008589511967329628 3268882211101477286 9160316932434425837 8054088550456466879 8585690466375134589 5078647487194985207 8056829761061613151 8214564618664582670 9222808533876073469 6907325552654015455 9196056798614781949 8033841113595809766
BM 5941651568849047003 7283304446111892710 3555929735291061033 5295203155707407041 4797722004978415803 9201779922602841352 6900161994324074639 6422396768831013703 2390796922240830565 6757881361642388828 6416268322275680089 3063065182824597944 2557111979175493691 5737386111737156727 465336806249174428 8597776452060794589 5723121000106416307 7437662182236875892 30201170748329969 1756924649777792141 6593268340309352411 8039910283057417726 3710332555479204667 5764431014063505143 5113274420449099199 9219847240801935325 6912705463654021311 9167059301148127095 2409386142094020597 6767179519245647325
BM 4121709024953403766 4708007872907710222 6789255368259084687 8543177413765507251 934647839251070199 9038583986962923114 2862190185160552794 4397816396373850876 8727699491167937904 420018382179726123 1209432863266543548 5479170125526147830 2400621540168929760 3546831810355905374 17341572120672536 1274348872052592993 2656738203846925339 1487138578616774459 8713065567280773289 4494693168252222536 4178149465070215166 5575452178537721854 9185372757695640047 8628886704267455487 936077279094472191 9074724384823672683 2881929786225851739 4443767221792767999 8790752669527260665 4608449053594550123
BM 1689998555167659058 8670340663796100837 8346977557997087426 5478744586494190796 1094187960863153872 8215227403218563263 3697972267395709713 23342891232850567 4875153989863904542 5934482082580389115 4753564971886152531 7229771299018229288 7738661080716930076 1144826339304469500 8737634288045360349 4788157743856967230 2708518145750338222 2103892367454438135 2723145374183932830 4703739082997624800 6339976165544140659 8959769576413589229 8932748975054253790 5758834526492358652 9182652961551539933 8246932995175743167 4023921115062598591 2122021151146767095 7487954541292017566 6007676315086356475
BM 7976657505338804486 3008666042774526330 8943295957429023997 3865255870776130800 214123298862614331 7119691567367884175 2195824420832753536 5403497647027293664 5792991310184870542 3880286520529596937 3996905070678192362 3349592794073154554 371486321872425494 6431334144469761003 2457846750892500542 1950807634348490875 7093596137182242481 3965022072428551225 8388813176931992762 3681139315447333970 9221085040836835822 3457900261173582842 9025205816809977599 9071575645246455803 2521099457905289023 8925775983068237311 9113498662123452337 9223256567661452793 8390170816167278270 4026091331846125147
BM 5378888975119143307 9212269703049152188 8659804119434514247 5380214779597002225 7065247802328337487 548412417122417862 9186550854258576200 9082631597944798853 4430081950734292502 52245297291278791 2311989725894397122 7584000942917371517 440487153004971962 104225135617343364 6482973673430573548 7402156530159661335 5919689039116942172 7443675776889758807 5258921343102181004 4622000581985659594 7689323991571226059 9223318149977851645 9096688503374204927 5474790514713690101 8934279048464166383 7475410461584768471 9187343057290722140 9173832437963030231 9078114564636368542 4665093535089785807
BM 4438025914709807557 7453782522344094393 4123475407823244189 6655133207756903737 4064041827005499425 8087064867929649859 9214374571205948228 8816549484011838029 8173870674564383482 2502380387093184870 6044801036261090788 8170907860029273383 8541031700318511417 1789919513250691000 1238405326239325651 9161449926452172470 7712754398737835436 8755297250515727897 4626072021466387401 2476567411016582333 9220974613192898021 8608041342464819135 9205312684195441597 6692307764655028153 4138794414572985843 9169054717152458487 9216966124416006124 8924935440796876381 8178396178801791995 2521661699123824127
BM 9004117341245956100 8514043268103714886 2350527605328412725 4527932890820163006 3189719529644675846 6108760517521781238 447462681394522150 5790408165773620767 6510962768222182743 6290989495077263641 2074371580859831656 3830818496159045056 7278014442054993677 4507995213917486035 4562183252518819342 6814100340816091494 2240168282725282468 352326824401876624 2783659943310625634 9156347055578076676 9006546103393777004 8588361458217057734 7322558287790589757 4530621205785804799 4563317948669679374 6833840230504020470 2249475442865076902 6123699144268035743 9150082974521220983 9178324768438345501
BM 2460330227160749237 5203709757723392725 8137738287524735386 1716746190288770477 1760482850261598660 7815917865182984838 7893077171982068201 4073438801713216139 8825735036520849553 928193862136606898 632365495659220039 2283826502002504567 1952954225167547183 859013890863321216 5114051942318483296 3898672451492728327 1681770557019254139 4378839693755456592 4298660110000101813 3976130005755275586 3091401596022283511 6897203998860737527 8934945807505161151 2304681467515164077 6845189921780180964 9115285591303356039 9214329650493255163 4379684127346835163 8935123902216796597 4607076240763501042
BM 4205124329669154481 5472766760051685638 8823882947597715842 219766020528058243 6918401405377485342 6593081470530833634 4016838627880296790 736639845255563980 2459987379817502349 6154608227418564751 4865686885293274588 8086079391641217586 5560768591641211565 3296565337769024486 3850165785859906670 8302237196962407403 1778145186436630746 4787592607118437461 1640262658027867612 5942631715475180125 8926132800678983677 8932800110827649846 9187338680593578927 3440684958305664999 8462150924148596350 8898968546206019563 4593598998178130398 5366586638696705757 3955255034240294877 6303350213188709087
BM 4479729303476783521 2516097276540779967 2999705070787697506 6444765708280686525 4435985243367296531 4873907305697005741 2177392812996225444 3034249891092529224 5042564737410940469 6833293192806108253 3948175875085170201 3588966481807676048 1979594811004447880 6564858968218211767 6183264791470594844 891017226692803164 6043276792823887565 4863748141721519172 2990102481719378702 7769788656867726290 4533927574169452473 3742204474155761599 4321766785557561322 6591994932615935935 9065710399382937375 5764501967733226237 6917440222542299117 7746142136308302924 7926049460326498111 9212113030731390943
BM 4794829192192378013 1584471410719412429 6663531808631129164 1961833283569539068 5392006810825816661 7030953546495020 7700155223946695284 7062663265877056819 2457313725527179907 5219270991816129616 979040724760334339 3254455167219463533 1969709703707310015 424589730428058676 3247855104420746195 6716863857485399174 3384885665906896470 5919702606637057681 4650343289127915050 838869747036074545 5737278058256127135 4467339913510909421 6880900902882752511 2305270156138610684 8058896462449376215 6719364731856221358 7997821146256326262 8225718042048290739 7105404595962072747 5471543519518359153
BM 8119146373887693857 5669306378996014092 2642582057891071181 7132920028728973735 8241283973571058969 3792024617366969305 5291481468633753620 2823093291278773726 4715200637917941198 5095024575777459298 4973497843213325718 4996833719315705277 1040825813735657726 7699208700247518043 1696407565306596078 8714695623807999004 1067751435843514797 3946811191482557697 2576475251061632541 2999076133026234428 8479550205266417079 5763901496377343421 3386099926934967551 7709386295842831359 8637620125110018047 9007194304786718685 5764464991222610365 4030132320211021279 7201251403902185439 8052431578581290110
BM 6594625755111529835 2574219583275656896 1500406594501250869 979650628494802844 2082325146617382025 5292770143073148662 1978888677487520685 7550698261529460318 8984711808278587415 6391679719236700396 1163847606103837225 890504930246812462 7672706720437796390 2318397517907593579 7558512525018631189 6624286072650298470 1945733724195493535 5588147847931251007 202753689917166299 3927690874691408560 6604195973148352363 3457629364684842990 9149889327234744119 3295785341758193663 8999880597971111069 6629214500730666742 1979031626884038591 7912119604873232255 9146911901588650719 9129921105214987004
BM 3680171113569903654 317683828810672921 442319929997772723 2324673972296239262 4683730742419339507 4186860363917164777 5270875127010560259 5649222254091263 3365103879709055838 2125213551273720284 3961145490898879280 1707581806633454451 7305427419766661641 6519688815059751789 2154103864046480475 7933008946880238362 6283759483597993943 1107897084128176657 8345642080036185064 6082796683947783705 4033774973259605814 1727886764186528635 7449938578057455547 8825637928223464447 6773411981958020347 9088184726429815803 6860651245803782103 1113545756607183871 9219973890797468670 6736944684576653277
BM 872574142464689891 8871193520274370193 4840990834947859891 8173794301566641603 4964636702901049317 1801145063381586426 3614047821267884042 8608228156122892110 649941330855756298 3761614666993350484 8302623554342414392 7500810764544689101 7342609192932957909 3752679293056257948 6660480196819943607 8656106260979135498 8849036651610371023 8306794851665613686 3454678376493735347 4629315040114284576 9168442288100011771 8871246460847386589 7489125181839736823 8466547394916249567 6696835016401000439 8718682921545692666 8858510078697274319 8608553645932975998 3455808744819122107 8376679486387371892
BM 2163659693772558761 8800798297003403493 3749458664247384754 1317492752117879219 7500087383929913516 6827606547323811773 7916899095184165576 3105797213048411489 5929805889759410554 3954479744101250567 8407084666098942883 5335379345911883315 288976851350041775 1493480633864837637 1447429909072591779 7142373767078319661 7775310688159951460 1834375190409174820 6383538867452878454 825923080397906730 9128796406821606315 8803331653784612599 3750063534306754239 1655614636616276919 8941877257652943791 9214030566332954557 8070305294490692332 4287148241149419365 6547925785803358078 4609265900639090479
BM 5268033682387037076 836611007222349971 6643795983755584833 4271977599696957889 5290951696583824200 4235398682569016239 8273109393411604625 4098546795296453331 8389887695380060813 1817232275997596708 4031170101270314342 2293694971035903748 5998269859643001146 2502206333401929414 5420646383349087910 4442833786040881075 6449064683234205577 1484783474299422546 6728734875333630895 8339825059047382112 9222202128020078582 2295990764401584023 6863384398876585339 4321661236069529543 5440134681660440558 4606969025191153599 8935140738354585497 4394377150455478227 9038688135173610415 8916313299277028452
BM 3540182685328287068 9031994467407185154 7042038043821995605 5006588832891842583 1095413370033749711 7496577632873945451 4837908303121134411 2641589262742466158 1674023813582885139 6143004541400278116 3485686719270510180 1554292908344300455 4272951006356144371 2995897220714919725 7060543292254234433 5337168612601368587 6666219952851898137 5892796806312104149 4770560196241222376 6582220377713978975 3566822315142119292 9068551176116328359 8934818745680656119 7925203562190010175 8070369989986074575 7645282251344648555 6891558539362041691 8498274326280814335 6286884321227144187 6870521192420142719
BM 4076420363719102684 1124212102757597176 9850284563260065 1075089327860729711 6369913667095850032 8171670056580835991 169302431430986298 7841944109321230304 1095615767666274162 6854601135421663742 6015735233608766653 3915963344909873563 7413585640269033579 4946149167686692869 3344766179688270379 5969902836759326313 2104968081739207104 1050605484343986519 2554629591646759343 4439453343215218226 8934719428888450301 4601073512865579003 7413768159472939755 5687901736929326959 9110500294121188923 8358640909515157247 2269669056654990330 7986200039270621175 3420482527547027455 9204371837584109566
BM 8223727539013448743 6157049160497618707 3259281510788118479 124027550832876413 1355343481920040350 4398685870308225008 5499211126979541952 2470758479773184821 5559877759240805277 6789311336348234685 5147507296272386220 5988442463148750418 3091721681574749667 2829901363823123985 6605636961537578069 2668907986277084731 7714129506250886861 771519608676577887 1546558809803776756 5797145671474857460 8606271948143361199 6303697761369587539 3457440139711018991 2881730291004825469 6624777423168699871 4398853545902731259 8025168152683724749 3097911391381255039 6737102878004935677 6808312297492314109
BM 7644837881082255811 8727119834528907300 1574199119768886229 3877330745741102330 8725452398181595494 3664782873204274932 750784546772999140 3302140875375841330 7957484461848674062 8037446708405122340 3032800340795756019 8062195416326478584 833006833980666688 2243814589049350952 3283610065707265657 3443952820884378616 2494843476326468930 8365316693402811181 269100112516194102 8320323543411944692 7644838237572931059 9223087556944239356 2296818008861965269 4607090056379330554 9049906481552555903 4601531870575245308 3098325899496644582 9067891985074584383 8070074454168813374 9223300836900208116
BM 4552383830849694075 3431873162943070640 116173394183864796 6698252119987965570 4117884790825071254 5345705452398947290 7082450171214216789 8520655983865873954 1344587951450847043 2804186703626348825 6361158777101376703 8582884416751632176 4906792367517378481 3782244865125927778 5765760517322390023 9143632379361782974 2317678102208358938 6284798629788828787 3056010321891780115 7710414638663808009 9182682399308217855 9204504380814884784 5016165281676847101 9006631882982674402 8729588951745936023 9146802036302409726 7092021507197812319 8592718002329077363 4245187724966852435 8064537303575936281
BM 5058645145245274861 2521208127315842916 7537277532774418379 2209283512622693136 4945367340722292087 2248364497683062711 6448898454863663748 4340480056714790542 1026919099955978161 1688206736963565951 6701316363050869701 759189858284653525 4835746543192083652 7739428821416468110 5964886491894181087 8092319072036633399 8369413563527827437 2950073217297966738 2709278389188786922 963848106410475792 6845467032054002669 3097684274057306101 7754580630562525135 9218863653757058974 6262248604190305791 9187338683848572855 9043008128412540909 4394664410643654302 3447887591653638139 2264738588155967871
BM 770046586225708187 1332229500594358103 3011514856828509224 2815519283550691138 2090780486598243562 5631957458800617150 3448849594724261453 3561388308225775262 7747074513776610409 1755299670386581894 3661723176906831088 3047691747978019089 1296876096490231911 8852831803645481690 70758827489783139 6607013704123356404 983631753468607876 5139168566718519574 7310764995447368421 6133528820980326542 4251342928665705723 4215254899312527191 4179179919026150511 9213164029216677850 2160588484413357547 6897539895475910398 3458430259186794445 8610319388314099614 8067969207203213037 6728021564209996174
BM 924290905293068775 7596228049142647957 8431654941981126447 6872446771270806601 4371458765925097930 5206856507766413429 1728296897462438272 2263387592615817854 7927052661653066276 263142514743815849 803321844871887245 3780855892550822640 6894897042199149815 2275744887976270940 6234980660828119650 3040909933895064481 3586490962204440735 8250411097211594932 6927488684605162895 6763545174974537784 1150667499193137647 9041958592679227125 9200811705229901823 6908475576948685917 9128686452433986538 7670610351034833909 4034634687719192991 9187197203146144510 7936449088062347183 6917246150302740153
BM 5336587266784266452 8713608885491674907 623415280658475521 3245972142858313103 6740383476093332341 4420597440497826083 7315265569460329739 2157166722109825128 2176058014378501992 8725537924937559410 4311665781649650629 4083586328193105844 2571170654005578061 337458734110877526 8457865608169771541 2968077527615777369 200814702382279168 7049833504074312076 1256043948944645722 5527990481872365416 8925956337308777429 8714453448474460095 3147720333859744589 3291822361852657631 9073345872103209845 4429782795130223483 7479757630190124811 9079199383861291500 2269529976086724474 9058813145023131514
BM 6434825227156717604 4487869689071293859 993889350737568054 2927720572172849570 5425551867441133902 6480567397268347354 8562610913661206846 3225402724375445339 5503327822997975010 1992778536628937039 5955852955018664426 5431694369186038979 1785280162311708428 8538764854384027041 8598022193277516385 5853100537295307507 1099548244249925573 8190357966190282276 894281245690158387 2772706603524343454 6624645481613957614 9180972619532785123 2148102506816061246 9151274299099149731 9177051456555662191 6485179063104887803 9211797819129321471 9073627063092100991 5512335022431404019 4611657394617509855
BM 1768791524964907216 87972416761278224 7232755018190164513 2291887986276145007 7611743821431596629 2426918689060733999 4362356437366500752 47515253783684186 6805393317631337952 7012760960237957314 8401154678601899230 5716126204063643936 3872870834751111701 3923203757690776893 472531623676823390 2050630427924620591 8698071987273202070 118430824507167076 6512818878033831836 3183517979592768847 8979869447966522590 5727393999813607216 8502791558824694325 4611246192687054719 8047613329322370911 4467409968764413231 8989174357066513814 120698885167707518 6805993930312361980 7889872224721042895
BM 8096349405729084478 7558988153830491244 11306008246493469 2708041390627215674 3333304512044201987 2867205668282422057 3616805055895835986 5492146428850749920 8359127440533473964 1705614219070395378 288722287617273566 2795992216085546074 7561134447359578225 1145099168216193373 4202160767281862058 5197126546723961223 7342592681304116729 6428337922999847160 5529989155022995915 3418731459061725657 8385069082003603198 7993889061473076350 7561169911106400637 3455657209797532031 4491028907423432107 8061442642577193903 8644511244805725691 6718824582944672248 8989175915686644719 4610506510749662203
BM 2371133174016135646 2144886710143434731 5920043207179962029 2225580680145890973 7319338883640241911 8658435095160302625 1947233779523128018 3362463532225711848 1217415309119408650 5601785197930127849 4155144920329149020 2926200360077259236 8859010988015522892 13103787666592479 7248579717468228100 7953237079803725558 5265562019493414374 5369768225910412244 1589399240472873951 8840493239302996452 4174836095948479454 4458558929408786415 8861315976738608877 2228962782476599007 7321625936844009207 9115271337079647991 6563995143634915318 7975311734562217980 1652731960636689375 9205285032995840493
BM 2420588693201962322 4085525651493676035 7761433087899174 3743936354614072543 8759325014836253579 2740126408128978620 5791955426876178554 5513640022764752093 6189725101158353616 8206595168336700085 1862333211157889645 1265183072534804447 5769605780357809107 7237014985937459477 120646095875948150 8632013220744004410 7319843738658714300 4468824962649295610 3357026050312308254 3233371216223879630 4170331843880273791 4161035712114128863 5772440424516351991 8646676880251641311 8768473278000611327 8633385622917996478 8499822875834839806 9116542264885972735 9220802956530405086 9079186477652337663
BM 3912599875995369440 4279075776591220843 8950029006181839668 512022706551915825 7120126875178703037 2234389709350461970 827585781979070577 877114674357779429 3265597665402086182 2906426571599809371 7657181088523057954 4124334327891866737 6713445269074855530 6424325101146880694 8474346723527108622 2121251540200617929 252621491598777270 8025165514885594113 3222878739812847749 2136330159711229831 9101737444175380450 4287097814237049979 9024918946469115774 6863444000607453111 8637884273686034623 2265934703393470427 863985149604256759 8034210244369907685 3312960370552271783 4464747247547883487
BM 2368821452470269917 5748489842747910037 6821616787773323432 2932224593736949201 5431796633871801247 2771991426902032600 8831387338056676492 3221973588095772870 6121624051232673032 3324840275784260141 5099866918382915711 9184822292450280121 7055639544308000237 8256749270777825181 3570619289177014632 1875253817432986442 4358890497442649999 5147525409433615991 8471639197440744882 6291986540345128176 7412924984504023039 9221049036146911165 9217719290772192749 8842219456982671325 8930074370099895295 4503106966501839834 9151283649627633551 8070380156519710455 8499821879651933626 9184446015922470653
BM 7645514393156602676 4077773091157227669 8298467478976501889 1833837345284867608 4345123323490460371 292043042214855677 904468182829074427 2392504489917459036 1029905465007265137 5697209686740375484 755719484824333712 5114177323607312199 6595108989961382840 7884675961327877463 3956294514993511052 3934519915297500221 9060408952720819618 5152393483168658685 2169013796258061973 5393876237896294970 7673811467405094836 9151100242060050391 8912233058806447033 9042101445155815263 4535123615358384863 3936070884465831933 9060496935193643003 7472591889402609405 2187614303471788021 5754175212412975038
BM 6744615693647441547 2012603959395011829 8300890337832262613 4633676055425131224 2595387109795639695 2525916769714827532 2381215070024672390 6031371318758594028 7599618174341072048 6304073717130034437 6619391993590892951 796933648564301639 4701452159764413282 5783228436639871191 544080655717797115 5802538441637417339 8663500786591618179 3627357842329922688 2907695981923760410 6746577381914263918 6907956677118390175 2012958328828456951 8304338493102291959 5786632800373011167 2849933019517533695 8327116109251473791 8735846921072866439 8356428006714899948 7601924949757394362 6916607531602115951
BM 8457857794045874742 1637257536588588143 6931275117885841405 6423488806472429268 4547882849773187958 8063775822837965512 3087120205243527732 2297450687080279895 6576734904941475675 2388204999893772868 4751153365594831020 182934009720692705 9220536241802359274 3789642087615469447 7659756594259890077 4908497109375749594 6828872059353053469 5549413903626307604 5400098259035092635 3223265048912032202 8498148298689870526 1637618731133566959 9220555083958124543 9058941651228868567 9177772383012093951 8070025568285880282 9139958675693943613 6909506695482290007 6626274777617135579 3296599739868380110
BM 6310046934194275160 9020131900444616474 7349340852343545564 3591622507036856642 9201843011008002243 5363971986559556805 4249801701232032646 5567616594293503678 8151649562093192554 1960240687562866217 329927929523247947 3091495547749221767 5700524847187518452 3406394561796221212 6846564597799170737 3807858103357401511 1707955259321544684 6734114777755676684 6164455197592415299 3069680102191286038 6311209891347815259 9218854136016791455 8069992814730444796 4602100400353442142 9201948598778985203 9149268110710668775 4610547351728160750 6734119490411296446 8479428551363194219 4304805515616321343
BM 1560458815788680943 932482832232520920 1470871250614315521 3403251023766243615 6979317896514373536 6967981626815442057 419100796299388373 2951515812663121539 7237809559892398233 9200481790317111158 6275954141378371242 2607451998251146153 3186875467619253686 328806059260320487 5067687382826855025 5977853943438620789 4621296540882116217 2465550986913890564 440683914422564260 9081246196363182861 6323052839593565935 3242556508931547129 4358252841852960695 3439316207918341119 7412800704229650417 8284299494185237757 5040361396358299645 3096198353369683847 7385305252304696765 9200780909356083071
BM 3278780469721767847 816111163397023778 1425019580090449400 3534457653478830683 1569038483474860879 8154789475648168062 8316584005549399266 3297976710536316471 8018771142739485274 8189385239730135346 8282824245545490493 5111712181631511917 1895619474862239265 5065888324252458102 6332899931492989999 9032528924589784901 5116147353955933832 518302730528576975 4035416639038803621 7406939322750679614 9219591879354179519 5761084582546828655 2003749846535503865 8596789598172872319 6334025900123750255 9042099899136442239 8604819778059607786 3455921032320735231 9171844384255897343 8642054185493019454
BM 879784304976679920 7952660179059003127 5090363105549181201 5052407177981597663 4877878613857136711 1834432338886570693 3311998536433564918 265041849501361941 7727467797561836089 6856256750413557026 8784033992019184044 8367800403938762364 4818880923964554265 967635508321071782 3215940873128147226 5529240467796761693 241341711905529755 2669044517979766099 5559068115081036113 6755082567592635255 9076934037005392892 9114694582133055231 5108378230777412889 5728011238323664895 8048484417905097055 6773412736765247197 3458763547985412095 2859750550820831063 8015844384081412985 6899197962900926327
BM 957452746034707065 6978629268549460718 4573074697193837464 7882291508475137821 7456144677310501139 5703589199148586225 9147680738486791823 681833211268863053 1323370852502174562 5514761443403545617 6745028367745503171 932107035985233690 1585619137385466292 7037338485146655612 4248929745215367740 8866012681289904942 1441068864914417755 280441238593726948 7649145883467358495 1711763927601197445 6763192450707095547 7854157325417506814 4573356173251369916 7920607290103635837 9223300669248060223 9164684158371739647 9223292319547616991 861977479932280301 8826984795465579391 6902186964225605013
BM 3505928791711197293 1188870635461599562 3141245752607272091 6079298249383662955 2763807169825706548 4242996135323423971 1643339172137173815 2868581067608538785 430770029903027028 1933729375659169404 7271971139823015431 4135766273532969887 7142829798434220678 3829147874756729014 3560800366206476203 5084926334103172424 4644995072022458005 8022564719283326705 8539358122651295386 1041283936986984189 8426164230193659503 4143231991845610463 7761953818169798303 8466729625605365247 3997934210159730623 9147777930196153835 6268542759443804087 8061442625807843057 8645758993521385438 2231532238555578109
BM 2613076345518018580 5746212141435778872 4572430620740623979 3651279441067004596 2104542131317947294 6936803737531241028 8099703696570239261 4891999468664939041 8989240064057340600 660316038138397868 4696438038872556707 5472609504767617401 2732287651206311917 5158421707034870676 3229347191890122035 2124261019243962702 8987214428503927352 5885036161493590704 6974078367934896053 4798727443045053276 7309231795129799863 5764252928224919417 4611555642537132015 8628887533440095156 4464465720613060543 9042944650460984142 9007199225145846589 6047172929315103409 8991708748112132029 5456649706786519036
BM 3033353669967055443 6124857040558590080 1339895786175974435 8013766757887224906 7543658462527659924 6989869978866962286 5719925734685056771 2468011832151411920 6150816636147253949 7974268816909416231 4824801378088293990 2755879691678429938 3979150333948247645 6420901256434191361 7700159450829837568 1493989669518521324 3044446135705611287 2389616394847700679 2962626578445235243 2058328777020313435 7709497767638834807 8574816304882498290 4015183640699862655 9169223203917114443 7709168051607101332 8483576317504749550 8025779193689128727 2551781767645810391 9033481076305032895 9131874249640689535
BM 2480361112542474051 2917518427305995621 2526392918598329324 1776093197324098980 5188776408843931197 8712876542134059275 5033550803201721419 3392542517973159291 7565058630264220699 8584381509939793442 8367492089937830322 8160854246882644212 4450090743021735599 7048628864532559233 4652888672272801879 3934781710554001969 8692622781277605638 3875240149486976700 7143659464090556492 2497009873694320249 8538631359381106675 8754223341813890549 4598155416996524015 8788198371861970341 5229380378473787007 9150046840932954939 9077822937435574095 4600356042167271423 7782076116751088735 8622134616237928059
BM 3495411302416322357 3667808994549020612 875253043355040898 6016173095285846262 8898819574526949789 7001908951631867583 3282027753648934878 3718950752807880035 6823539030049771517 6716282946387841124 2180293252293862761 3544151394894801281 7290001613975970063 6005078687913378135 5610799440594186419 8940893684013482967 6602800572199203930 4530439618417299472 3262494511667396978 901189362872126915 4522730233814134653 3742490171421753285 7867735606930963855 6016808887886213623 9223360343470487999 9025195508283305983 9200254785549238238 4602501615237174643 9220757369711611903 6752496676662844903
BM 5780313936875025611 969230225521033746 988957589212208169 1049561811757202212 1067998538244252354 1366956999856239857 8992427240118808205 3623707686501411107 104108281513216325 8324423799940669976 7956293540524690036 4399466852643920642 3712667816691057352 4111090053325579715 6974626792140089604 2777939305126591678 235099982942735536 4853502104687463384 2753764581827756975 1718016265932490503 9115266913092370175 4431383477265554194 4593526164121706217 4584047591412400103 7987937816744029126 3962456522132978943 9208663862760697533 8312517857137519611 2843987904074992623 8635617064125458207
BM 7940125699444943462 8860873546473312367 4459112502577957130 4130854170888917670 5087450417538274887 6164582822095546893 378429165287596617 352059643888648122 5267357926639243137 1395588050866944696 8080875897437145385 4097905039753506958 5492449336767437656 4793193493337948906 1161875491245015077 8891807697003797849 7342029612790496937 8792862319673852578 8058500817680961451 5610359481973084962 9094456297803082607 8862714558448070895 9077563267374373722 8923880460310762222 6241936012737271399 9218586959432056669 7342120124949724905 9144213734443188154 8060858308757262251 6907994034786286522
BM 4782193617765997003 926453382630033041 3055512956083147842 1543466176275806663 7592325771626502820 4220746267031582203 8621232724422258400 8781361323399844963 3436015822225368842 7132766792853599169 2457398019024323006 3589585130248056229 5501689873795669058 6265414844932682145 1401376267789410418 7013198719846483070 5169591593073829229 6648149294026812763 4029858658258688672 1153000966021450355 7088648197600811519 4457416812417511349 7962361781105777730 6339801497814956519 8899108854312696566 8922751668164867583 8628568674760650733 9070242636878282107 4607163999813894058 8285758958333705203
BM 3147532368850073103 2601444332612067409 2387746684499683390 8985136700792213357 3329565636150996475 4376023702758506930 6483398664457487452 430296200063013748 1535456457673328512 4323006840985517671 961631449110922834 6612893882394315751 8914783487193912659 6873225106199831478 9176446131089090535 7227737827007131790 2951136686542050903 5357701128243314721 8268827114038966618 5107298861964157638 3458323297691498079 9214294432038235127 8914874352126557567 9219888756056649727 9186779667903983615 9006873109956784574 8790370881252578911 5763192310807909237 8633347655423754202 9223063973340348135
BM 4449247079349907866 2279948441339171306 4565172167630664119 701562542580415615 8535659240897117697 5361765658621563720 4808044261529698189 8024216018371074452 2493388004990705016 3236662491074400780 4095874435866723550 3370637094792265557 8497069000186233413 7529863354223303718 2354382592786921720 3320411975165926137 1810750874020479641 6618432586850673817 7461102799858584629 1159478491260235593 4467569445140231646 4604624505358974975 9222175761731269623 7637951016993799295 8573994969742704377 7961512558693178361 6609488593708466077 9213236736205520285 7465679001957096829 4395495556052926285
BM 4932079046822654663 6934610242782798945 7083777807076115922 4438325032253612595 2452387843739247396 401450079285877724 8040043899597237701 4349421509069119398 37456437456128398 4754233229922405910 7519658490091976493 3595230761733681185 5989480853077980120 896021510430503907 9154048361591234484 4503322881826785254 7668174528458975415 631796973519668116 5691770110587552180 3995592090209292370 7816968912438753263 8213720566708565089 8313340873517004762 4467394749601674227 9154050011472101300 4611471602837594110 8069321742876601847 4385591043581452214 5691770299853294014 8645642444457320022
BM 6013242183544609520 848221695674143483 216232289160845154 7730977685080474342 2574845860913991384 1561603925044456778 8160864306211303122 3514422789629408375 4105047996084074820 429262804854349496 5836810433281617154 1251192440166948580 4553841364668936919 3512520450575821970 8600983903787282556 6982395884725141741 8571127038444545224 6306364501570162896 1532488119557655691 8253879235466576478 6013387327955238898 2007899442080898815 4553841395008731127 8935136985631026934 8646900201308552956 8498290843658055151 8643523660234862298 8630513143144903927 4466585631102713295 8646822770358214398
BM 3965549326775495175 3418140777216651250 6733020855217761077 8407825225913844261 4903699775439778008 3361415199296858427 1816466326849371267 3815212148110879921 5811216616471881299 8930099601218572442 1263177460314433880 9020804522824129944 3693881969111493962 670313103760543576 1813670961989496288 8722415505683395767 3196360850284375743 2891224230013882710 1030544413032792998 5998971997111883025 4003690444582972255 9187340969197961210 9183823563388186495 9074751597567790973 6714714175598444024 9200361390798159295 4431510981247172287 4395508007190920695 6840333137562003447 8930276868746089883
BM 3021247609040723 1922387746350461074 6199382365657405384 7243126320632860416 6551413113661996212 4003745587953681249 9127575660525892293 1559163972837156100 7066029446590060390 8519622989762819876 5511001160841516110 6532791936233448048 6020838056447100602 7803888723480421251 2081949744478660288 8924014697656991775 597575522257059834 6050679605468987182 749659661409273296 6591132680023468387 5511205137462067039 6534076543792804594 6309245636294137850 7839917524794388355 6840928007280770804 9212246586794820479 9145592539120517119 6339756967592984366 7669585624403236854 9186199715217440615
BM 6405542452568438928 8908480227038997391 6190453068053120438 2093269029090406891 7811604265549026702 8756539824053848017 774020143161342652 518320639879855356 7120601730511880369 6589166753440613422 5833058844517453807 4261517349121463061 7379774526616834474 1562416782427845323 1608403842943920144 1709581424125087467 6364242385579910960 5565904414634836172 2125787789792558365 3818859185540060292 6410661851997143039 8909237113062210463 8640993529855317438 2138886426928542699 9113727599703227806 9204794411297247227 6557205577313419196 5710408142964047100 9210272177733238205 9223227392992892078
BM 3507400191364401671 9055678867016136695 8249483488756250765 7642257127718383603 2736757761456532415 6031349848215934810 7004671969174171159 245290346634226584 7305038290851512063 96535980256777452 4527074399496016635 7598141875363815588 7791307295094310937 5158476468594712470 8486548369096596623 955569454782422600 1510917427861849164 7926714470398966826 129987723746144658 5557884177721001084 4539610756504197887 9078764231038777335 9114245192114092189 8043102785268219895 8502495857859166143 6914149109427691354 8500504092528291423 8027519918171176890 7344807764991737855 5582201801651770620
BM 7711303276267952875 4403336116177675161 5139749950730908725 191978647715180409 5208726950063157698 3493629314816540856 4277504538821434149 7841453120697341634 9172972266652911551 4019017749463873745 6905298701671124440 5323093605451478414 1171800244263303188 5876307306112590747 2343745267942068181 9206707834696012537 8712640691973633709 3496687951236464011 3236200696829754508 2269658195345177266 9211143257748398075 9070232050484623263 6293533489633934389 6030003089226854395 7552466169575555031 9223336848722268921 8934508063867781037 8995653538015051723 9218301017227788223 4611540176367975155
BM 3922192203119756343 5568828140801689891 5923283428664329242 5478282404592807189 7104859670136074180 6305257763398088288 358385953924694330 5401076041638078170 7095538939418400497 4731981473965636572 1883123421137107095 2087449428722028864 7008200348559972415 1768836273291887753 4906455423490193484 2828953083676833844 1384422304464742777 4312799360286123794 4214067056590511810 4995178095227902713 4498673571536239799 6771302444375710051 8319199607288486975 6669531956938010013 7394834989730234316 8629732340779581044 1729240284564285819 8934717434770221018 8825788338045509363 5042747453334322173
BM 1509339151564312857 548170516479532657 4652374774103917703 2382891185076401292 3823333733215601073 3804249261263341228 8404030940801791629 1393145455245206115 3669223668203539428 1140864627075006584 1625433570253800648 7520036460569101929 4152598910181921980 7989118493843454216 7118680835947212753 100933948049445790 5117411202897313202 5344533243687842399 666734123964379563 2647052340886354058 1656972812289414617 8061442780808863353 8768788528847115455 8061371836399353228 8633321076054011889 3886605293545052094 8621508156090875839 6593264267461898879 4317746425912851439 3457984227549509882
BM 2166518394883225289 4557831205924772408 6443415118120770417 7394103673136752592 3574765595121388148 8707336970524055064 4355158945358805582 7500528330966682131 7593914341655745058 6663265151954237599 7527499901826154472 7290686714665754907 8382202674991793269 2700708504208818106 1264030918141644999 7870395659323596884 7370582790850858065 2065890930315509703 4993084264659790897 2086166410863855684 9112766971740405737 9182201878222469947 9041992120428093301 7493983318161899514 3575505703894227703 9079239220017919580 9113511031857872479 8989113246496456663 7884677044089634355 6700139490955819231
BM 8246394451933994552 504761639482303693 6203056756652192596 2417739673708804181 7008219651724824171 7781684136777841812 5481459875954076897 4559161798665196247 3188391375314505743 873826817009591716 4907600577897051693 3768516624149996647 9047438280675318808 8840210292194290536 3045550148204195179 5729050632684378458 9080599950157069073 6804661226421254544 775938262958126873 7772680245105533981 8537519469747977789 3984973115714135279 9196349817662439260 8912550461290986365 7729293778396737387 8070377407610060254 9085677718532440049 9182672330763959255 3386706632888743711 8070028167298360765
BM 353630394692473006 6067836355215441058 921420487508624773 8477887873043043909 7142501365798765170 7432581270773911352 7727507664520860147 2157496450270107890 2013436280057542773 3929378680341741761 3540533222833513060 320896644171660200 9138059913774736268 5631959031157985489 7657328701048400038 6060475339206116953 5090753621882967075 6454846014042493072 5282496913363858085 2710584566356213797 3885156211569324782 6085856011102945194 9140595439232329613 9200782563214071509 7736986137913043702 8592858740422037369 8051872597519881715 6770317439581116658 6629083102024497909 4008202978209284325
BM 8969840349911373664 8269010946438062231 6228305700487996692 7409534420490681255 3116576266357079071 5342558958802690038 3295113663598938294 224345965222043556 2326380805761085785 7921569992688496975 4330531761724508256 3736959859239727307 8666431400843753555 5835115545788257171 5291632488537474353 7785199563737251506 6213895837278440835 2851919481378721725 8195170464378283177 7560159988578940154 8969877395380035424 8348967502165962975 9110636331883937111 8573726606780136375 7741669885401464127 7939447919711092726 9204998645472808375 2854453129835601853 8213438851695212025 7921574408993338879
BM 4879674812344069861 3283382016760753145 7678259236921230840 7570874152954696473 4856810932166536500 7845073567080405381 454734774411939106 6732527885658996219 7660109357770653461 972473020428877255 140646560316525231 8979507239841773606 2450658965037727018 1930069363022085722 8867108130081989958 5051971173519737821 2320102053478571214 4079436388714861781 5454667857128265581 8120077622941946663 4898719504965332719 9051670988327959551 7678352971104484858 8924445603515055963 8894288066932895094 7989242648624520157 2774123767956233710 9079186450662030847 7781938561932050301 9078957367023763431
BM 1035198714784959723 2359851043045100590 4075468912274764773 3164708282711856671 2926815571306164894 6622244843610867423 1848523088260929036 4266900970237363322 7023171639415444604 1404666418376370504 3224806381511961006 1025316619173673940 3074446833597957690 3645252780634593352 2772375783074488754 2824802083406159225 6779101502203375875 2248356329185138578 4684800518054687082 7376312620817406476 3377088389781057007 3368666190568226814 4228591407586015231 4323402313596067423 3386556661808100286 9221109926422093823 6897111055775217423 4555347022484658170 7023312376904004990 8610862418479774540
BM 6379169845334281818 130433385676024414 8564541355339479030 4340765070619189236 5374120368473350133 5030560843406686712 7508431264154935974 6891294603159049342 2370339090948860274 6722981240293185171 8177305775299013271 3939949144020191162 3493220374945090965 1799024289767539913 9010284265422440915 5719748982583293397 2990011093720608543 5169860978475149596 4367598504977401681 5558021431459590349 8791023651194056415 4030694175191052286 8573584838524076023 4395372358566600701 9196059950987337719 5760285820632169981 7602058026844286911 6899457382586170750 4394937071748165491 6732564626659768031
BM 5796500547827431544 6145892232196122994 3957970724607395828 8925362520349981092 391844273034873579 6728482752825477291 6970431060456367368 5558633378835339423 7762113486701425951 8718228430737893802 2804192681871199582 7103181734029512300 2714289861375667671 2595519983569113185 6900147399769122873 2106859259567637058 2376222285691930095 1310818779375438372 3045655464957389187 6981274241562503161 8573585865521954174 8636666513018843006 4030608964403048439 9213630279898085861 6913658516621486843 6736645618825284331 6988455904963847663 6860389330336979647 7781331301761252767 8718828137611259899
BM 7815559126876786734 8906230910042356092 2175665673653879660 6028011025471201195 6715787009674276776 643320160385333985 4447568516734870006 9153930868552350418 2096789565213363291 7203373288007382198 3217986656092271499 5504599325462324765 7357842024563860433 8779598235546402357 8245110308672602191 5182810241462835551 3866695294422240914 7395252035550952767 6040295538534028499 1854351584623397438 7853985135872422831 9222611171883745149 9096653834997457917 8932870169395199935 9187278043219488751 5759411744141179903 4447853161473339382 9199024088444551167 6907250561485888731 8935141622622961342
BM 5502897515518249287 230150819609203748 1325117997506250387 5436901880513525866 4961518050816862293 6641792570265712274 4165269922348749834 2553269135202336236 3138031693981122834 1530050928009086859 9059815353433326649 6082606555354951079 773614139788577811 1150499770271052149 4603523275306575361 3414822808528989735 1294858539172726980 2300938098307842274 1140331118000484390 1090748301724064002 9078973391672593791 6303327536431955367 1945537439856021139 5762326544750868863 9222204799093878357 9182808198896533175 4178851167766830286 4607072203228151278 3449694914055483702 2250636527828705163
BM 3103910459378469828 7820786824911538824 1767929885811458319 7357465212740167633 2874206805418002215 3145629182963029588 8882953784929733275 3400167304692324922 3383582101211376310 5619143501829501151 4823607085554405267 9201910704580583055 8451009723535545860 7924932556848953998 4444634271735497884 4260270554486148166 428471353679703197 4044801601599381572 5821518069255498285 5539929728141764636 7778823895672393687 9204167066765745807 9063765681274083087 8069315480838209503 4607107508127090623 4305306550903053910 9220767772075814559 4553094857858972286 9151015373431106239 5619363954556795103
BM 1158746641011428685 7410027907884810828 5271403386024437615 3559037517907540758 6925838798596446010 7425012418160314216 8098090185375000563 781542569474493020 4650344477894577561 5282599106591955054 6573423809010837903 1592202912983478523 6488338612773408390 5477321409076843819 4408251937771575255 7606711832652273523 3566219373932537693 2657563005430876865 1233129027382742217 3897863021077682521 6574692430680944079 8565201212414948095 6570749620665675759 9036331696821829439 9024586903168342015 8042014397574403963 8178523446743918591 3384912497461938909 5881129346485128665 9178335929842522495
BM 8862169127232680795 2688066727401095853 2684033120725439637 831015279848408087 4081365216427254894 5919892423699956978 6864772863883658224 1638285925134373122 21185790588625835 1557161730950687915 524290987894308258 6416453872120460323 1493167555576761179 2470895984547892764 4199595078718358749 6803196994240185973 4183865211516887666 4254630385087487036 4474917621650240207 3099786007132487743 9223020185557139451 9029716150537909935 3873056093336477663 3155470821924523551 4244639879951852799 6804921304642848503 9175120786985772018 4593530742603586878 4493288267333710831 4583722118797061311
BM 3269333234248151790 4469460914083507817 4411507662028136661 5639463064183043980 583140819563813718 5497114314427307665 6015043546047270389 418054804069337720 6696920155992616047 6091288753369089148 5126868355854589247 3806081938170225423 4190361877410251171 2454892909318109267 6204863820537796570 3498509760210464949 8227552625153138837 2590028093966793698 7787736548119082091 1270463120434884017 8034223665295884287 4528368735978434415 4557634015791276535 7949959310305918943 6782346260737531870 8993051148709000885 8322577058701503989 2881664899077831674 9003748332202884207 6172640665510735357
BM 1152751429468340071 7231011832640796524 2257731414271647282 8290692345906773601 3060772460969448276 5157920974146875497 4514749604323335162 8101026264055113496 2082394205783823542 668516411642582094 2387452423120800537 849706350156018287 812207360048021274 4049773794712628991 3431197095242450679 7166215301208791858 4574478120063612849 2662090695085131208 6822620150320061811 7904186653774454500 3458746188802228095 8060308634568193903 2257880982382116666 8881098256866262783 3458218976644421623 7491632278696622971 4611650685337288699 8430076009394300888 6840676460294823415 7923889903257886446
BM 5503524640757570092 3803739092931218894 8561449691187062231 658887017798463157 4793389863206758847 8323515054061146156 5044564721543217616 8973024365312107692 8669779855302192616 6381173743884764708 1457721513463441219 429836763759092964 1119966784232161007 7127467721763877656 6556302942959446822 3701449747075774294 1272571224560038149 8639328959100029086 600649875727243110 891286434866978009 6663920067182264175 3891003216567971310 9212935452082175999 7777116641745076157 6556584576850308031 8349446108089382782 6316849244117266901 9216511077854964926 8671118103240769518 6691926826549239549
BM 4891520502782847013 1074063269832799721 1374547488313188381 8051996647850098079 5317272798503681183 2883184794549507612 652533784676027918 2727866574534718420 8482279180489160796 3417438571694913468 991877996283888187 1500672101553365386 315125186591879295 1657227726362268973 362898426722080142 1096730057173655588 5579739530818011067 3529586894218035245 3946422556749132500 6200423550801710574 5756721805774514751 2231524662266689003 1684310768903155839 9223363095672257983 5605855028145946015 3403454060223690300 5579809921406271423 3889945379453383677 8644549504562887388 9182134158738587646
BM 4280697668108017934 1308751638501434948 630331201662493571 7124265385183810009 5263687515038424029 8670502068857149940 4414814411578521264 6557714312527753948 2531607842591952115 6368075816252156858 5266676563380176931 6982511609494396446 2469577522816386095 5843108613503892900 5587134665860822042 6387569132183415722 8262379625958719639 3400867002131793478 4724362222884336281 1243011876948760091 8898831386483353903 8282084523852103262 3098463278455760815 8349389895491304957 5588263349174910943 8716717050834189310 9218268651218138807 9165932369897584350 7183909820633448187 6440133961136963515
BM 605539799180624995 7278896981902671517 107763659240637409 2540344467452141191 362211258063615060 2539369591594401603 8409078356238309460 6519457500220849771 4643566148696420307 2525655656478368424 1288550981566843100 6283232319516980773 2087394510657202731 7484302899439579174 5564039823301837732 8534965514372365083 8911336908837289838 3328817123138016075 5631430444763650316 6018303549535668458 1866706309198761215 8589445023424626365 2161721771642760171 7484311695886499495 5564186058793416692 8610864871698841435 9204070894011613054 9114113082932297579 5654232976967679967 8326574555323427562
BM 5338285673801398640 7357289664031230186 6972554353795376451 1692619562750311103 8763603635898436927 5978470961487660467 5154921204462667411 3060663497145939638 8998385737799901173 3728181009871653034 2188313004814533727 5610416983429426480 5416054451536471151 5359529340573872316 6432108019917018913 3961314359663726201 4097756164926137334 1090624139805265861 7054207275346102303 5628432248068941342 6800285480651832703 8061012313416478202 7776588449470195055 6880936792346589887 8782005234569076543 8574831623365578747 9214355523690227703 3421519641857458167 9071855105883185151 9204581311191314110
BM 5392336993944725027 6548762596099664408 2949566760212673370 5709571525943899522 7255998384789387520 6093774602855513963 4467886804210600252 1540954439585193292 2003894503739537644 118046884895790453 1765915237494739571 7963282436681397237 2925311255405576961 1103330760322346644 98325519785534802 268866977025630174 3777719631922219072 450059106187214803 4794875953370178642 5418279258127751771 6545401436708533875 9143402286123514877 2954079156874703707 5728571576502615958 7349732335290285394 6321786927267708927 4498321960647707004 1693071982276378591 6615738853455150334 5454979857037287295
BM 8706804772940440414 6006844091747856088 9076697015524852475 8121400141400141664 3501329479453089642 6553015317087606886 5004644135852612763 1858493578983177407 3201320588205550608 5614822051379965230 2772279332101505501 6834124959876322550 5132760282615535503 2592515846323970503 2338610685983443586 2752203315713425446 7886194890254021719 8190304665856867040 6534930581393373438 4024263084928582336 9150713969812136927 6908443699673300734 9223371866981095423 8358530753909649383 3528423657963511786 9147372656972224614 7887339495425572063 8785395543854546687 9150747908711906558 9222210937474969582
BM 1854761945074518077 5335278594625475005 1931253864583724638 22613403970143504 5731430495614390908 1338359898010135330 1632721107379620696 1165720397470185036 8482387551374692139 1245211110865760151 2191874574720856720 4118704962670817337 4655519954114588126 7817806967791183896 926576519421416379 8931850389666410329 4524473131461800474 3492318151954852016 3773272394312070694 4207530142074212880 2305696196485085885 8875108186154463677 6548158797162938334 7817825389476965656 5754472153881760767 8932555332321128315 4533646494715444058 3494649135228518140 8502655124909489967 4280643955568541591
BM 5125920964487405850 7047401322719587827 7512426872392878402 1772505532828002860 7873899104091154269 8016932530761331340 1382536603888218619 5278607519543965879 6494078312537650335 49999824817176852 2437362120266040506 952419864983078869 1922011817074511788 4167095215468956567 1429397764259917323 2836729809398750258 2646870113276895904 5804212688055979911 6329690813486661627 7873567377734181635 7490612078076487098 7926316627767308279 8857977868007231470 4169628902855142335 9212040150010277727 8025379056943726270 4017162486955373563 6471098386056478647 6908413885053665279 7923423645953647383
BM 9161107062874235744 2202697325692580276 1601760917300971523 2243208849117448151 892831831742833988 7949167781819552664 1852536592575577901 2517653214562762647 8760384150443245692 341625070286607269 7189841426463325883 5115467205497537297 669471859783005882 7671269452193807431 6253493167759645540 7352595794168428492 314609614755146442 241591073453066904 4165628801577169028 2592933832210008898 9216611135963004923 6844855561597481909 2268399266894216891 9184522976185925591 6839841897019965284 7951597703727003612 2161094464857653231 2592610826388209567 8781856526309912828 2882290245707848679
BM 6602588942124868785 6768607359027287273 1881372344897548648 3112626159406410922 7197644833316112317 5106456722049418703 5317350710184394757 7170667027698388583 3015145760119702972 1504301946280531981 2338707400942589497 3248171205245724250 4609506503054661673 5827042149512236343 6867699169374743577 2947314251606321741 6383178270623971453 7602361765911097172 4172309683061055393 8221820277357302996 8932287317776201401 9079255235666048763 4610555437207370089 8935088842921733567 9218863864563347389 7998384105122820047 6476069463065032829 7747127865953873783 4177079433359253437 8573129653848300765
BM 7698773224457373626 6346685010367954163 6738164257965249455 2083435439631483655 5649769083640942884 4177264074251213831 2933076748192369560 1292994502963836992 1135821874605489723 3189035819239511870 3992842378892922485 6553190101138481211 4812883817853389830 7264717774502813642 3836389889137137335 8146948003158069924 7752790925253065833 7823052983503498523 1356423039722927198 2580092657095442399 9223352233668366335 6553863277132594427 6902554732584279983 9005509852704137167 9186669579549497271 8790990787891338919 7761799782405177337 9075232359161871707 2293458090508385919 3445253433312215039
BM 2883758335517597935 5929802505406284344 5790946725134957693 9196377395440780229 7972725244492134353 3994534618496387055 8535665077736610736 9076779573162031365 4139188438557527325 7896656596549191293 3325076979214910571 3144607885962700546 5953263626677007080 7937248599049796168 7343460801251275524 9034115433727438860 3389491343368028504 3205156900471332315 7704359644826451434 3201818457154003635 3325112198518220015 8929485730795153210 5971702734648737533 9198282884127816653 8065383979877824469 9187325782261430255 9186752162992397304 9079032541829955039 8933870588145712639 7926247375725618943
BM 8606593269034214054 4808549642104019752 1166242058001615992 6325539216282765549 4578160389515859843 1203464439721827618 8651179860588746671 7275316897406537042 98428252663853540 2473968286172058220 5209070045213285247 2262308701838783946 3600250556047606539 1067761134892587665 8139161119433430924 7168733797647968892 6188271783240907157 2565323666110275878 6014764720351417957 8464880740214284293 9185891865144982527 6917379421975429098 3602874201249075067 6906823630252923645 9222527604372494223 8358669811805323134 9074518501001527231 7493952861990546806 6016175772463347685 8610122928788255341
BM 8659470890572969213 6252753208032417321 5102628594822621640 3212833355939426173 410820616074678550 8780363856307619591 1858078903680844580 966397672896999669 6645665923208743182 8195248638700451232 8800987022819160908 2176098292458267272 6039109488664100404 2425373873821544745 741733565249267032 5121303604064931425 4562397962589603319 7972257534026577013 6164134598763635677 5282588657227369699 8804537226143725565 6843006320463836841 6331849683692404732 3296334735729491837 1151707366738883934 9212850253889785703 4600986598813714423 8064669288128050421 6754106357328571359 8790990701920779747
